Date,Open,High,Low,Close,Adj Close,Volume,Days
2018-02-22,31.709999,31.959999,31.59,31.65,28.945007,113600,0
2018-02-23,31.83,32.16,31.780001,32.16,29.411417,147900,1
2018-02-26,32.369999,32.52,32.220001,32.52,29.740652,401500,2
2018-02-27,32.549999,32.619999,32.119999,32.119999,29.374834,304400,3
2018-02-28,32.259998,32.32,31.780001,31.780001,29.063896,545600,4
2018-03-01,31.82,31.940001,31.18,31.389999,28.707228,278300,5
2018-03-02,31.15,31.6,31.08,31.57,28.871843,205900,6
2018-03-05,31.4,32,31.4,31.93,29.201078,544300,7
2018-03-06,32.040001,32.07,31.82,32.02,29.283382,390700,8
2018-03-07,31.690001,32.049999,31.690001,32,29.265091,287800,9
2018-03-08,32.110001,32.16,31.959999,32.080002,29.338257,156600,10
2018-03-09,32.310001,32.68,32.299999,32.669998,29.877832,216600,11
2018-03-12,32.77,32.779999,32.599998,32.639999,29.850401,183500,12
2018-03-13,32.77,32.84,32.380001,32.450001,29.67663,489400,13
2018-03-14,32.59,32.59,32.209999,32.25,29.493729,210100,14
2018-03-15,32.360001,32.389999,32.150002,32.23,29.475437,505500,15
2018-03-16,32.27,32.27,32.130001,32.150002,29.529625,361100,16
2018-03-19,32.07,32.07,31.52,31.73,29.143854,171700,17
2018-03-20,31.780001,31.85,31.700001,31.780001,29.189785,221900,18
2018-03-21,31.799999,32.02,31.709999,31.73,29.143854,540400,19
2018-03-22,31.43,31.530001,30.92,30.950001,28.427437,220400,20
2018-03-23,31.049999,31.049999,30.290001,30.32,27.84878,269800,21
2018-03-26,30.790001,31.129999,30.5,31.120001,28.58358,160600,22
2018-03-27,31.200001,31.290001,30.41,30.58,28.087587,591700,23
2018-03-28,30.610001,30.799999,30.379999,30.51,28.023291,112100,24
2018-03-29,30.620001,31.110001,30.559999,30.940001,28.418249,216900,25
2018-04-02,30.780001,30.870001,29.91,30.200001,27.738564,1359700,26
2018-04-03,30.360001,30.639999,30.16,30.6,28.105967,752700,27
2018-04-04,30.120001,31.01,30.120001,30.950001,28.427437,713000,28
2018-04-05,31.190001,31.280001,31.030001,31.190001,28.647869,1316100,29
2018-04-06,30.870001,31.09,30.299999,30.51,28.023291,940100,30
2018-04-09,30.709999,31.08,30.58,30.6,28.105967,218200,31
2018-04-10,31.01,31.219999,30.889999,31.129999,28.592754,842600,32
2018-04-11,30.940001,31.18,30.83,30.969999,28.445801,485300,33
2018-04-12,31.110001,31.34,31.110001,31.219999,28.67543,204500,34
2018-04-13,31.34,31.370001,30.99,31.110001,28.57439,334900,35
2018-04-16,31.32,31.469999,31.219999,31.370001,28.813206,204300,36
2018-04-17,31.549999,31.780001,31.540001,31.690001,29.107121,480600,37
2018-04-18,31.83,31.85,31.709999,31.74,29.153042,253600,38
2018-04-19,31.610001,31.67,31.43,31.549999,28.978525,489300,39
2018-04-20,31.58,31.58,31.190001,31.299999,28.748903,226600,40
2018-04-23,31.389999,31.450001,31.16,31.309999,28.758093,166600,41
2018-04-24,31.450001,31.469999,30.709999,30.91,28.390692,300200,42
2018-04-25,30.870001,31.030001,30.67,30.940001,28.418249,733700,43
2018-04-26,31.129999,31.389999,31.040001,31.280001,28.730536,193300,44
2018-04-27,31.370001,31.379999,31.190001,31.309999,28.758093,202200,45
2018-04-30,31.49,31.49,31.08,31.08,28.546837,230500,46
2018-05-01,31.07,31.129999,30.809999,31.129999,28.592754,283300,47
2018-05-02,31.129999,31.209999,30.879999,30.93,28.409056,185900,48
2018-05-03,30.860001,30.950001,30.459999,30.860001,28.344769,175500,49
2018-05-04,30.82,31.34,30.77,31.26,28.712164,317700,50
2018-05-07,31.34,31.49,31.290001,31.360001,28.804016,121300,51
2018-05-08,31.35,31.43,31.200001,31.379999,28.822386,481400,52
2018-05-09,31.49,31.709999,31.41,31.66,29.079565,232900,53
2018-05-10,31.790001,32,31.77,31.959999,29.35511,205200,54
2018-05-11,31.98,32.080002,31.91,32.009998,29.401033,136100,55
2018-05-14,32.080002,32.189999,31.98,32.049999,29.437773,319400,56
2018-05-15,31.91,31.959999,31.73,31.82,29.226522,309300,57
2018-05-16,31.9,32.029999,31.83,31.959999,29.35511,333000,58
2018-05-17,31.950001,32.09,31.860001,31.959999,29.35511,198300,59
2018-05-18,31.959999,31.959999,31.85,31.879999,29.281635,523800,60
2018-05-21,32.09,32.189999,32.049999,32.130001,29.511261,215900,61
2018-05-22,32.220001,32.220001,31.99,32.029999,29.419403,286700,62
2018-05-23,31.9,32.139999,31.780001,32.139999,29.520445,177600,63
2018-05-24,32.09,32.110001,31.84,32.080002,29.465334,239500,64
2018-05-25,32.080002,32.080002,31.93,32.009998,29.401033,200600,65
2018-05-29,31.76,31.889999,31.52,31.65,29.070377,607100,66
2018-05-30,31.860001,32.139999,31.83,32.080002,29.465334,270800,67
2018-05-31,32.049999,32.060001,31.799999,31.870001,29.272448,323700,68
2018-06-01,32.099998,32.220001,32.049999,32.200001,29.57555,272000,69
2018-06-04,32.310001,32.360001,32.259998,32.349998,29.713327,367600,70
2018-06-05,32.369999,32.419998,32.27,32.369999,29.731695,511300,71
2018-06-06,32.470001,32.650002,32.369999,32.639999,29.979694,861400,72
2018-06-07,32.709999,32.740002,32.509998,32.619999,29.961323,850400,73
2018-06-08,32.580002,32.73,32.549999,32.73,30.062355,350500,74
2018-06-11,32.779999,32.849998,32.75,32.77,30.099098,690500,75
2018-06-12,32.799999,32.869999,32.73,32.830002,30.154202,424500,76
2018-06-13,32.889999,32.889999,32.689999,32.689999,30.025612,130700,77
2018-06-14,32.82,32.849998,32.709999,32.779999,30.10828,232700,78
2018-06-15,32.540001,32.619999,32.389999,32.580002,30.063988,494000,79
2018-06-18,32.43,32.549999,32.34,32.540001,30.027077,458000,80
2018-06-19,32.279999,32.41,32.16,32.400002,29.897892,988900,81
2018-06-20,32.5,32.549999,32.400002,32.470001,29.962484,363100,82
2018-06-21,32.459999,32.459999,32.200001,32.259998,29.768698,444000,83
2018-06-22,32.450001,32.450001,32.27,32.299999,29.805613,306100,84
2018-06-25,32.119999,32.189999,31.65,31.860001,29.399591,783400,85
2018-06-26,31.940001,32.049999,31.84,31.940001,29.47341,163200,86
2018-06-27,32.02,32.200001,31.66,31.66,29.215034,330300,87
2018-06-28,31.639999,31.93,31.559999,31.85,29.390364,682700,88
2018-06-29,32.029999,32.16,31.870001,31.879999,29.418047,691000,89
2018-07-02,31.719999,31.969999,31.68,31.959999,29.491865,1908400,90
2018-07-03,32.049999,32.09,31.82,31.83,29.371908,251600,91
2018-07-05,32.029999,32.110001,31.860001,32.110001,29.630285,651900,92
2018-07-06,32.130001,32.41,32.119999,32.380001,29.879433,651600,93
2018-07-09,32.549999,32.68,32.509998,32.68,30.156269,395300,94
2018-07-10,32.740002,32.799999,32.68,32.77,30.239319,405900,95
2018-07-11,32.610001,32.68,32.5,32.549999,30.036304,619600,96
2018-07-12,32.740002,32.84,32.630001,32.84,30.303907,1115100,97
2018-07-13,32.810001,32.889999,32.75,32.849998,30.313131,608800,98
2018-07-16,32.830002,32.860001,32.75,32.82,30.28545,565700,99
2018-07-17,32.740002,33.009998,32.73,32.959999,30.414639,450800,100
2018-07-18,32.98,33.029999,32.900002,33.02,30.470011,415700,101
2018-07-19,32.889999,32.98,32.84,32.91,30.368504,530200,102
2018-07-20,32.900002,32.959999,32.849998,32.860001,30.322365,546000,103
2018-07-23,32.82,32.939999,32.779999,32.91,30.368504,602400,104
2018-07-24,33.09,33.16,32.919998,33.029999,30.479235,802300,105
2018-07-25,32.990002,33.360001,32.990002,33.32,30.746841,1172600,106
2018-07-26,33.240002,33.330002,33.220001,33.25,30.682245,769800,107
2018-07-27,33.32,33.32,32.889999,33.009998,30.460781,879000,108
2018-07-30,33.049999,33.049999,32.740002,32.799999,30.266994,1007600,109
2018-07-31,32.98,33.07,32.860001,32.950001,30.405418,837400,110
2018-08-01,33.009998,33.080002,32.84,32.939999,30.396181,1153000,111
2018-08-02,32.790001,33.169998,32.75,33.150002,30.589964,681600,112
2018-08-03,32.790001,33.290001,32.790001,33.290001,30.719151,788900,113
2018-08-06,33.290001,33.439999,33.25,33.41,30.829893,474100,114
2018-08-07,33.5,33.549999,33.470001,33.5,30.912935,1015600,115
2018-08-08,33.509998,33.540001,33.419998,33.490002,30.903715,207900,116
2018-08-09,33.580002,33.580002,33.439999,33.459999,30.876026,172000,117
2018-08-10,33.23,33.34,33.16,33.240002,30.673021,235700,118
2018-08-13,33.290001,33.360001,33.07,33.110001,30.553059,939000,119
2018-08-14,33.240002,33.349998,33.16,33.32,30.746841,1453700,120
2018-08-15,33.18,33.18,32.900002,33.07,30.51615,299100,121
2018-08-16,33.279999,33.450001,33.27,33.349998,30.774527,664200,122
2018-08-17,33.34,33.509998,33.259998,33.450001,30.8668,610600,123
2018-08-20,33.540001,33.57,33.459999,33.529999,30.940619,150600,124
2018-08-21,33.630001,33.720001,33.599998,33.619999,31.023672,168000,125
2018-08-22,33.59,33.669998,33.540001,33.619999,31.023672,343500,126
2018-08-23,33.630001,33.689999,33.52,33.560001,30.968302,127900,127
2018-08-24,33.66,33.779999,33.639999,33.77,31.162083,385400,128
2018-08-27,33.970001,34.040001,33.93,34.029999,31.402004,271600,129
2018-08-28,34.099998,34.099998,33.98,34.049999,31.420462,572600,130
2018-08-29,34.09,34.25,34.049999,34.209999,31.56811,583100,131
2018-08-30,34.169998,34.220001,34.02,34.09,31.45738,999400,132
2018-08-31,34.07,34.150002,33.990002,34.110001,31.475832,875200,133
2018-09-04,34.09,34.099998,33.950001,34.060001,31.429699,587000,134
2018-09-05,34.040001,34.040001,33.82,33.959999,31.337414,1027700,135
2018-09-06,33.959999,34.009998,33.720001,33.84,31.226677,973100,136
2018-09-07,33.740002,33.91,33.689999,33.779999,31.171324,1464400,137
2018-09-10,33.919998,33.919998,33.810001,33.84,31.226677,521900,138
2018-09-11,33.790001,34.009998,33.689999,33.950001,31.328188,730500,139
2018-09-12,33.98,34.02,33.849998,33.98,31.355865,261800,140
2018-09-13,34.150002,34.189999,34.080002,34.16,31.521971,269900,141
2018-09-14,34.16,34.220001,34.080002,34.189999,31.54965,549700,142
2018-09-17,34.169998,34.169998,33.950001,33.98,31.355865,446200,143
2018-09-18,34.029999,34.23,34,34.16,31.521971,573400,144
2018-09-19,34.189999,34.23,34.130001,34.16,31.521971,587400,145
2018-09-20,34.330002,34.470001,34.32,34.450001,31.789583,361900,146
2018-09-21,34.380001,34.380001,34.209999,34.23,31.760803,995100,147
2018-09-24,34.130001,34.200001,34.049999,34.110001,31.649467,1647400,148
2018-09-25,34.139999,34.189999,34.060001,34.09,31.630913,291900,149
2018-09-26,34.09,34.240002,33.93,33.970001,31.519567,839500,150
2018-09-27,34.060001,34.220001,34.029999,34.080002,31.621628,671500,151
2018-09-28,34.02,34.150002,34.009998,34.07,31.612354,627900,152
2018-10-01,34.25,34.369999,34.110001,34.189999,31.723694,1943100,153
2018-10-02,34.189999,34.25,34.110001,34.16,31.695862,658500,154
2018-10-03,34.299999,34.34,34.139999,34.18,31.71442,303800,155
2018-10-04,34.150002,34.150002,33.700001,33.84,31.398937,1483500,156
2018-10-05,33.950001,33.990002,33.5,33.700001,31.269041,2840900,157
2018-10-08,33.639999,33.73,33.41,33.669998,31.241209,722600,158
2018-10-09,33.599998,33.790001,33.57,33.619999,31.194813,282000,159
2018-10-10,33.57,33.57,32.529999,32.560001,30.211275,2190100,160
2018-10-11,32.459999,32.639999,31.68,31.860001,29.561773,3520700,161
2018-10-12,32.360001,32.43,31.92,32.32,29.988586,946800,162
2018-10-15,32.330002,32.419998,32.110001,32.130001,29.8123,896600,163
2018-10-16,32.330002,32.880001,32.32,32.84,30.471077,330600,164
2018-10-17,32.849998,32.91,32.529999,32.810001,30.443243,2085900,165
2018-10-18,32.75,32.790001,32.200001,32.369999,30.034981,321700,166
2018-10-19,32.41,32.689999,32.25,32.299999,29.970034,771100,167
2018-10-22,32.450001,32.450001,32.099998,32.189999,29.867964,418400,168
2018-10-23,31.74,32.150002,31.43,32.009998,29.700949,979900,169
2018-10-24,32.02,32.029999,30.969999,31.040001,28.800922,510100,170
2018-10-25,31.280001,31.77,31.120001,31.57,29.292688,390200,171
2018-10-26,31.09,31.42,30.690001,31.040001,28.800922,1091500,172
2018-10-29,31.34,31.6,30.43,30.84,28.615353,637500,173
2018-10-30,30.870001,31.370001,30.85,31.34,29.079281,863900,174
2018-10-31,31.68,31.969999,31.629999,31.67,29.385475,710900,175
2018-11-01,31.799999,32.07,31.639999,32.060001,29.747347,642500,176
2018-11-02,32.209999,32.240002,31.610001,31.83,29.533937,1793100,177
2018-11-05,31.93,32.07,31.76,32,29.691671,367800,178
2018-11-06,32.02,32.209999,31.98,32.200001,29.877243,342200,179
2018-11-07,32.5,32.91,32.450001,32.900002,30.526754,661500,180
2018-11-08,32.759998,32.91,32.68,32.799999,30.43396,302600,181
2018-11-09,32.66,32.66,32.290001,32.48,30.137047,506600,182
2018-11-12,32.43,32.43,31.790001,31.84,29.543217,226000,183
2018-11-13,31.870001,32.169998,31.719999,31.790001,29.496819,299400,184
2018-11-14,32.080002,32.09,31.379999,31.58,29.30197,862400,185
2018-11-15,31.41,31.969999,31.219999,31.93,29.626724,502600,186
2018-11-16,31.75,32.09,31.709999,31.98,29.67312,651900,187
2018-11-19,31.889999,31.91,31.299999,31.389999,29.125673,280800,188
2018-11-20,30.950001,31.17,30.709999,30.83,28.606071,2220200,189
2018-11-21,31.049999,31.200001,30.969999,30.969999,28.735971,335000,190
2018-11-23,30.790001,30.950001,30.76,30.76,28.541121,124200,191
2018-11-26,31.110001,31.290001,31.040001,31.290001,29.032888,481800,192
2018-11-27,31.129999,31.360001,31.08,31.35,29.08856,338100,193
2018-11-28,31.41,32.110001,31.4,32.09,29.775181,683800,194
2018-11-29,32.049999,32.209999,31.860001,32.02,29.710228,1605400,195
2018-11-30,32.040001,32.330002,31.98,32.310001,29.979305,565200,196
2018-12-03,32.740002,32.810001,32.48,32.68,30.322624,1849100,197
2018-12-04,32.610001,32.610001,31.58,31.620001,29.339081,857200,198
2018-12-06,31.139999,31.610001,30.73,31.610001,29.329809,587000,199
2018-12-07,31.559999,31.74,30.73,30.84,28.615353,1276100,200
2018-12-10,30.77,31.01,30.280001,30.889999,28.661747,1279100,201
2018-12-11,31.41,31.41,30.709999,30.879999,28.652466,1838300,202
2018-12-12,31.290001,31.459999,31.049999,31.059999,28.819475,1016500,203
2018-12-13,31.18,31.26,30.9,31.040001,28.800922,459500,204
2018-12-14,30.75,30.870001,30.389999,30.469999,28.272043,471300,205
2018-12-17,30.299999,30.459999,29.620001,29.790001,27.641096,1651800,206
2018-12-18,30.049999,30.120001,29.620001,29.82,27.668928,930900,207
2018-12-19,29.84,30.290001,29.15,29.35,27.232832,1343300,208
2018-12-20,29.209999,29.370001,28.549999,28.879999,26.796728,1852000,209
2018-12-21,28.799999,29.110001,27.99,28.09,26.219879,1356200,210
2018-12-24,27.870001,27.99,27.32,27.32,25.501143,2379700,211
2018-12-26,27.5,28.709999,27.299999,28.709999,26.798605,3080500,212
2018-12-27,28.299999,28.99,27.92,28.99,27.059956,1865500,213
2018-12-28,29.120001,29.34,28.780001,28.92,26.994619,1032300,214
2018-12-31,29.139999,29.219999,28.93,29.209999,27.26531,1678400,215
2019-01-02,28.75,29.33,28.74,29.209999,27.26531,2272400,216
2019-01-03,28.959999,29.030001,28.459999,28.52,26.621254,733600,217
2019-01-04,28.940001,29.58,28.879999,29.5,27.536005,1345000,218
2019-01-07,29.549999,29.950001,29.450001,29.77,27.788031,772600,219
2019-01-08,30.120001,30.120001,29.75,30.08,28.077394,535700,220
2019-01-09,30.290001,30.35,30.040001,30.23,28.217403,934500,221
2019-01-10,30.08,30.379999,29.950001,30.370001,28.348087,371900,222
2019-01-11,30.23,30.370001,30.16,30.370001,28.348087,399800,223
2019-01-14,30.129999,30.290001,30.07,30.190001,28.180071,909200,224
2019-01-15,30.26,30.549999,30.26,30.530001,28.497437,802400,225
2019-01-16,30.59,30.719999,30.57,30.6,28.562777,953700,226
2019-01-17,30.5,30.959999,30.5,30.85,28.796131,565200,227
2019-01-18,31.09,31.32,30.99,31.26,29.178829,730400,228
2019-01-22,31.07,31.08,30.620001,30.83,28.777462,1885000,229
2019-01-23,30.99,31.049999,30.57,30.870001,28.814796,1162600,230
2019-01-24,30.879999,30.98,30.76,30.940001,28.880138,1016500,231
2019-01-25,31.17,31.290001,31.110001,31.219999,29.141499,797500,232
2019-01-28,30.940001,31,30.76,31,28.936144,497500,233
2019-01-29,30.99,31.059999,30.84,30.940001,28.880138,784100,234
2019-01-30,31.110001,31.540001,31.040001,31.450001,29.356184,587700,235
2019-01-31,31.41,31.75,31.41,31.690001,29.580206,1014800,236
2019-02-01,31.74,31.85,31.620001,31.75,29.636209,723500,237
2019-02-04,31.74,31.98,31.65,31.98,29.850901,2500400,238
2019-02-05,32.040001,32.130001,31.959999,32.119999,29.981573,490200,239
2019-02-06,32.080002,32.110001,31.969999,32.07,29.934904,1962600,240
2019-02-07,31.860001,31.92,31.559999,31.780001,29.664215,935200,241
2019-02-08,31.59,31.83,31.51,31.83,29.710888,337200,242
2019-02-11,31.92,31.940001,31.780001,31.85,29.729555,1503900,243
2019-02-12,32.080002,32.299999,32.049999,32.25,30.102924,577300,244
2019-02-13,32.380001,32.459999,32.299999,32.360001,30.205605,997200,245
2019-02-14,32.23,32.43,32.119999,32.290001,30.140261,1039900,246
2019-02-15,32.5,32.650002,32.5,32.650002,30.476294,584400,247
2019-02-19,32.529999,32.779999,32.529999,32.689999,30.513626,462100,248
2019-02-20,32.720001,32.799999,32.619999,32.75,30.569633,614600,249
2019-02-21,32.66,32.700001,32.5,32.610001,30.438955,792600,250
2019-02-22,32.73,32.860001,32.700001,32.849998,30.662971,477500,251
2019-02-25,33.049999,33.099998,32.889999,32.91,30.718985,494000,252
2019-02-26,32.849998,32.98,32.830002,32.869999,30.681646,745500,253
2019-02-27,32.779999,32.919998,32.68,32.880001,30.690977,622200,254
2019-02-28,32.869999,32.91,32.779999,32.810001,30.625643,741700,255
2019-03-01,33.029999,33.049999,32.810001,33.02,30.821659,1120500,256
2019-03-04,33.150002,33.189999,32.57,32.869999,30.681646,1965500,257
2019-03-05,32.889999,32.889999,32.740002,32.82,30.634972,543200,258
2019-03-06,32.84,32.84,32.560001,32.599998,30.429619,399800,259
2019-03-07,32.549999,32.560001,32.23,32.330002,30.177599,351000,260
2019-03-08,32.099998,32.27,32.009998,32.27,30.12159,520300,261
2019-03-11,32.360001,32.75,32.360001,32.73,30.550966,288200,262
2019-03-12,32.810001,32.889999,32.77,32.84,30.653639,320600,263
2019-03-13,32.970001,33.189999,32.950001,33.07,30.86833,304800,264
2019-03-14,33.040001,33.119999,32.98,33.040001,30.840324,507700,265
2019-03-15,32.970001,33.139999,32.93,33.060001,30.997852,485600,266
2019-03-18,33.07,33.220001,33.060001,33.200001,31.129116,316000,267
2019-03-19,33.290001,33.41,33.07,33.200001,31.129116,839800,268
2019-03-20,33.169998,33.299999,32.919998,33.07,31.007227,498200,269
2019-03-21,33,33.52,33,33.470001,31.382275,318600,270
2019-03-22,33.290001,33.349998,32.779999,32.779999,30.735313,761200,271
2019-03-25,32.759998,32.91,32.610001,32.779999,30.735313,711600,272
2019-03-26,33.02,33.150002,32.849998,33.02,30.960344,341100,273
2019-03-27,33.040001,33.099998,32.639999,32.860001,30.810328,723200,274
2019-03-28,32.919998,33.040001,32.799999,32.990002,30.932213,2417400,275
2019-03-29,33.200001,33.25,33.07,33.23,31.157246,745200,276
2019-04-01,33.490002,33.630001,33.439999,33.619999,31.522911,801600,277
2019-04-02,33.610001,33.66,33.52,33.619999,31.522911,635900,278
2019-04-03,33.790001,33.84,33.610001,33.720001,31.616682,539600,279
2019-04-04,33.709999,33.799999,33.610001,33.759998,31.654184,1796200,280
2019-04-05,33.849998,33.939999,33.82,33.939999,31.822954,447500,281
2019-04-08,33.900002,33.970001,33.77,33.970001,31.851084,304700,282
2019-04-09,33.830002,33.869999,33.709999,33.779999,31.672935,326300,283
2019-04-10,33.84,33.919998,33.790001,33.919998,31.804205,360500,284
2019-04-11,33.98,33.98,33.830002,33.900002,31.785446,326700,285
2019-04-12,34.119999,34.16,34.02,34.130001,32.001114,347500,286
2019-04-15,34.150002,34.150002,34.009998,34.110001,31.982353,568800,287
2019-04-16,34.23,34.23,34.040001,34.130001,32.001114,843200,288
2019-04-17,34.27,34.27,33.959999,34.02,31.897961,567600,289
2019-04-18,34.119999,34.119999,33.93,34.09,31.963602,276100,290
2019-04-22,33.990002,34.139999,33.98,34.139999,32.010475,1623700,291
2019-04-23,34.189999,34.470001,34.169998,34.450001,32.301147,658500,292
2019-04-24,34.450001,34.490002,34.360001,34.389999,32.244896,1598700,293
2019-04-25,34.400002,34.419998,34.189999,34.330002,32.188625,395100,294
2019-04-26,34.349998,34.5,34.240002,34.490002,32.338646,610900,295
2019-04-29,34.52,34.619999,34.5,34.540001,32.385532,344900,296
2019-04-30,34.540001,34.619999,34.349998,34.580002,32.423042,889400,297
2019-05-01,34.669998,34.700001,34.330002,34.34,32.198009,736000,298
2019-05-02,34.32,34.419998,34.060001,34.259998,32.122997,634900,299
2019-05-03,34.490002,34.639999,34.439999,34.619999,32.460537,561300,300
2019-05-06,34.040001,34.540001,34.040001,34.490002,32.338646,549900,301
2019-05-07,34.200001,34.240002,33.650002,33.91,31.794832,499100,302
2019-05-08,33.869999,34.049999,33.779999,33.860001,31.747944,397900,303
2019-05-09,33.580002,33.82,33.369999,33.75,31.64481,622300,304
2019-05-10,33.630001,34,33.25,33.91,31.794832,392000,305
2019-05-13,33.259998,33.34,32.939999,33.060001,30.997852,597100,306
2019-05-14,33.189999,33.549999,33.16,33.360001,31.279133,434300,307
2019-05-15,33.16,33.639999,33.130001,33.560001,31.466661,727800,308
2019-05-16,33.66,34.02,33.66,33.860001,31.747944,506700,309
2019-05-17,33.580002,33.950001,33.580002,33.66,31.560419,540300,310
2019-05-20,33.439999,33.580002,33.330002,33.43,31.344761,333900,311
2019-05-21,33.630001,33.77,33.619999,33.709999,31.607304,325100,312
2019-05-22,33.610001,33.73,33.560001,33.619999,31.522911,282500,313
2019-05-23,33.330002,33.330002,33.009998,33.200001,31.129116,930300,314
2019-05-24,33.369999,33.419998,33.18,33.259998,31.185371,416700,315
2019-05-28,33.330002,33.43,32.970001,32.98,30.922834,550400,316
2019-05-29,32.84,32.860001,32.560001,32.75,30.707182,787600,317
2019-05-30,32.849998,32.939999,32.68,32.82,30.772818,514100,318
2019-05-31,32.459999,32.599998,32.369999,32.41,30.388391,955300,319
2019-06-03,32.189999,32.549999,32.130001,32.299999,30.285254,1392800,320
2019-06-04,32.599998,33.029999,32.549999,33.029999,30.969719,443700,321
2019-06-05,33.23,33.330002,33.02,33.32,31.241632,562700,322
2019-06-06,33.389999,33.619999,33.290001,33.549999,31.457285,459900,323
2019-06-07,33.700001,34.009998,33.68,33.889999,31.776073,2540900,324
2019-06-10,34.110001,34.279999,34.040001,34.060001,31.935472,678600,325
2019-06-11,34.290001,34.310001,33.939999,34.040001,31.916714,371500,326
2019-06-12,34.009998,34.080002,33.919998,33.98,31.860456,465100,327
2019-06-13,34.080002,34.16,34.009998,34.139999,32.010475,1294400,328
2019-06-14,34.110001,34.139999,33.970001,34.060001,31.935472,420300,329
2019-06-17,34.09,34.189999,34.07,34.09,31.963602,383100,330
2019-06-18,34.310001,34.580002,34.310001,34.439999,32.291771,1932900,331
2019-06-19,34.450001,34.610001,34.360001,34.560001,32.404285,390500,332
2019-06-20,34.919998,34.93,34.619999,34.880001,32.704315,569500,333
2019-06-21,34.68,34.799999,34.599998,34.66,32.659092,319000,334
2019-06-24,34.68,34.68,34.560001,34.57,32.574291,1857600,335
2019-06-25,34.580002,34.580002,34.189999,34.200001,32.225651,591500,336
2019-06-26,34.34,34.380001,34.16,34.18,32.20681,288400,337
2019-06-27,34.290001,34.380001,34.25,34.330002,32.348145,307000,338
2019-06-28,34.450001,34.560001,34.389999,34.540001,32.546021,2153400,339
2019-07-01,34.950001,34.98,34.66,34.810001,32.800434,982500,340
2019-07-02,34.830002,34.889999,34.709999,34.889999,32.875824,1172800,341
2019-07-03,35,35.18,34.990002,35.169998,33.139652,323600,342
2019-07-05,35.040001,35.16,34.860001,35.130001,33.101963,502700,343
2019-07-08,34.98,35.009998,34.880001,34.959999,32.941769,614000,344
2019-07-09,34.810001,35.049999,34.810001,35.02,32.99831,676700,345
2019-07-10,35.169998,35.279999,35.07,35.18,33.149078,430600,346
2019-07-11,35.23,35.27,35.110001,35.25,33.215031,573800,347
2019-07-12,35.310001,35.41,35.27,35.389999,33.346947,497500,348
2019-07-15,35.470001,35.470001,35.34,35.400002,33.356377,2162700,349
2019-07-16,35.380001,35.41,35.25,35.279999,33.243301,566500,350
2019-07-17,35.310001,35.310001,35.09,35.09,33.064278,590100,351
2019-07-18,35.040001,35.25,34.959999,35.220001,33.186764,724400,352
2019-07-19,35.360001,35.360001,34.990002,35.009998,32.988895,306800,353
2019-07-22,35.080002,35.18,35.02,35.119999,33.092545,419500,354
2019-07-23,35.279999,35.360001,35.150002,35.360001,33.31868,601300,355
2019-07-24,35.279999,35.540001,35.27,35.540001,33.488293,277100,356
2019-07-25,35.509998,35.529999,35.279999,35.360001,33.31868,1718600,357
2019-07-26,35.450001,35.59,35.419998,35.57,33.516556,438300,358
2019-07-29,35.57,35.57,35.41,35.509998,33.460022,252200,359
2019-07-30,35.330002,35.470001,35.279999,35.439999,33.394066,368700,360
2019-07-31,35.470001,35.5,34.799999,35.060001,33.036015,1184100,361
2019-08-01,35.049999,35.450001,34.650002,34.73,32.725056,1049000,362
2019-08-02,34.639999,34.639999,34.259998,34.48,32.489487,1346000,363
2019-08-05,33.93,33.93,33.150002,33.439999,31.509523,968600,364
2019-08-06,33.689999,33.900002,33.470001,33.880001,31.924128,2084300,365
2019-08-07,33.509998,34.009998,33.23,33.93,31.971233,649600,366
2019-08-08,34.09,34.580002,34.060001,34.580002,32.58371,884000,367
2019-08-09,34.439999,34.52,34.139999,34.360001,32.376419,1494400,368
2019-08-12,34.16,34.209999,33.799999,33.919998,31.961815,3455100,369
2019-08-13,33.900002,34.610001,33.860001,34.419998,32.432949,1362400,370
2019-08-14,33.950001,33.959999,33.400002,33.419998,31.490683,1671500,371
2019-08-15,33.509998,33.59,33.220001,33.48,31.54722,672200,372
2019-08-16,33.709999,34.049999,33.709999,34,32.037209,374500,373
2019-08-19,34.389999,34.470001,34.279999,34.389999,32.404682,439200,374
2019-08-20,34.349998,34.369999,34.110001,34.139999,32.169113,284000,375
2019-08-21,34.41,34.470001,34.34,34.43,32.442371,341200,376
2019-08-22,34.529999,34.599998,34.18,34.389999,32.404682,526700,377
2019-08-23,34.240002,34.450001,33.380001,33.540001,31.60375,910400,378
2019-08-26,33.849998,33.880001,33.619999,33.880001,31.924128,1221300,379
2019-08-27,34.060001,34.09,33.630001,33.720001,31.773359,489900,380
2019-08-28,33.630001,33.970001,33.57,33.959999,31.999512,598900,381
2019-08-29,34.259998,34.470001,34.169998,34.380001,32.395256,2060300,382
2019-08-30,34.59,34.59,34.27,34.400002,32.414104,887500,383
2019-09-03,34.209999,34.279999,34.02,34.189999,32.216225,1121700,384
2019-09-04,34.450001,34.560001,34.369999,34.560001,32.564865,264800,385
2019-09-05,34.860001,35.119999,34.860001,35.009998,32.988895,393800,386
2019-09-06,35.07,35.110001,34.970001,35.029999,33.007732,551300,387
2019-09-09,35.169998,35.169998,34.900002,35.029999,33.007732,1947800,388
2019-09-10,34.939999,35.009998,34.75,35.009998,32.988895,1819100,389
2019-09-11,35.029999,35.259998,34.959999,35.25,33.215031,442700,390
2019-09-12,35.380001,35.48,35.27,35.349998,33.309261,508100,391
2019-09-13,35.41,35.450001,35.27,35.32,33.280987,793400,392
2019-09-16,35.200001,35.299999,35.16,35.259998,33.224453,303100,393
2019-09-17,35.240002,35.360001,35.209999,35.360001,33.31868,387600,394
2019-09-18,35.279999,35.369999,35.049999,35.369999,33.328106,275900,395
2019-09-19,35.43,35.529999,35.32,35.369999,33.328106,1068700,396
2019-09-20,35.27,35.310001,34.959999,35.02,33.157677,314100,397
2019-09-23,34.919998,35.110001,34.919998,35.029999,33.167145,260200,398
2019-09-24,35.18,35.209999,34.619999,34.740002,32.89257,389200,399
2019-09-25,34.759998,34.990002,34.619999,34.950001,33.091404,642500,400
2019-09-26,34.970001,34.970001,34.700001,34.869999,33.015659,1898100,401
2019-09-27,34.970001,34.970001,34.459999,34.66,32.816822,506300,402
2019-09-30,34.75,34.919998,34.740002,34.849998,32.996723,878500,403
2019-10-01,34.93,35.02,34.389999,34.400002,32.570656,2627700,404
2019-10-02,34.23,34.23,33.66,33.810001,32.012028,1191300,405
2019-10-03,33.77,34.099998,33.450001,34.09,32.277134,1417100,406
2019-10-04,34.200001,34.59,34.200001,34.57,32.731613,581400,407
2019-10-07,34.490002,34.66,34.389999,34.41,32.580116,2644700,408
2019-10-08,34.209999,34.259998,33.889999,33.889999,32.087776,1037800,409
2019-10-09,34.169998,34.32,34.07,34.209999,32.390755,949800,410
2019-10-10,34.200001,34.540001,34.169998,34.439999,32.608524,692800,411
2019-10-11,34.799999,35.07,34.779999,34.799999,32.949379,789200,412
2019-10-14,34.740002,34.84,34.73,34.77,32.920971,463000,413
2019-10-15,34.91,35.189999,34.889999,35.09,33.223961,539800,414
2019-10-16,35.049999,35.099998,34.959999,35.02,33.157677,360400,415
2019-10-17,35.139999,35.240002,35.040001,35.110001,33.242893,1945400,416
2019-10-18,35.09,35.130001,34.84,34.98,33.119808,412600,417
2019-10-21,35.139999,35.220001,35.080002,35.220001,33.347042,564200,418
2019-10-22,35.310001,35.330002,35.080002,35.099998,33.233429,573400,419
2019-10-23,35.07,35.189999,35.060001,35.189999,33.318638,393700,420
2019-10-24,35.310001,35.310001,35.16,35.290001,33.413322,630500,421
2019-10-25,35.200001,35.490002,35.169998,35.43,33.545879,710300,422
2019-10-28,35.580002,35.68,35.560001,35.630001,33.735237,708200,423
2019-10-29,35.599998,35.73,35.57,35.599998,33.706837,325800,424
2019-10-30,35.650002,35.740002,35.48,35.720001,33.820454,768400,425
2019-10-31,35.73,35.73,35.439999,35.599998,33.706837,1145000,426
2019-11-01,35.799999,35.959999,35.790001,35.959999,34.047691,783400,427
2019-11-04,36.16,36.169998,36.029999,36.060001,34.142376,1093800,428
2019-11-05,36.119999,36.130001,35.970001,36.009998,34.095039,751800,429
2019-11-06,36.029999,36.049999,35.900002,36.02,34.104504,469900,430
2019-11-07,36.209999,36.290001,36.080002,36.150002,34.227589,774600,431
2019-11-08,36.130001,36.240002,36.009998,36.240002,34.312801,388600,432
2019-11-11,36.09,36.209999,36.049999,36.18,34.255993,258200,433
2019-11-12,36.220001,36.369999,36.18,36.240002,34.312801,2124000,434
2019-11-13,36.16,36.330002,36.099998,36.290001,34.360142,531100,435
2019-11-14,36.25,36.34,36.18,36.32,34.388542,420800,436
2019-11-15,36.490002,36.610001,36.419998,36.610001,34.663128,518400,437
2019-11-18,36.57,36.68,36.52,36.630001,34.682064,347200,438
2019-11-19,36.73,36.73,36.549999,36.650002,34.701,275100,439
2019-11-20,36.59,36.66,36.34,36.529999,34.587379,515200,440
2019-11-21,36.549999,36.549999,36.389999,36.48,34.540039,443900,441
2019-11-22,36.549999,36.57,36.419998,36.560001,34.615795,513300,442
2019-11-25,36.689999,36.869999,36.689999,36.860001,34.89983,295700,443
2019-11-26,36.889999,36.970001,36.830002,36.939999,34.975571,2039700,444
2019-11-27,37.029999,37.110001,36.98,37.09,35.117599,282700,445
2019-11-29,37.040001,37.080002,36.939999,36.950001,34.98505,310200,446
2019-12-02,37.009998,37.029999,36.580002,36.619999,34.672596,1356800,447
2019-12-03,36.27,36.400002,36.110001,36.400002,34.464291,668300,448
2019-12-04,36.560001,36.689999,36.5,36.599998,34.653656,302600,449
2019-12-05,36.700001,36.700001,36.5,36.66,34.710468,432900,450
2019-12-06,36.919998,37.040001,36.91,36.98,35.013451,561000,451
2019-12-09,36.959999,37.009998,36.849998,36.849998,34.890358,350100,452
2019-12-10,36.889999,36.93,36.77,36.82,34.861954,732600,453
2019-12-11,36.880001,36.959999,36.830002,36.93,34.966106,925200,454
2019-12-12,36.919998,37.32,36.889999,37.200001,35.221752,451100,455
2019-12-13,37.18,37.380001,37.099998,37.220001,35.240685,310900,456
2019-12-16,37.450001,37.580002,37.450001,37.5,35.505791,409900,457
2019-12-17,37.560001,37.59,37.5,37.52,35.524731,369500,458
2019-12-18,37.549999,37.59,37.509998,37.509998,35.515255,280200,459
2019-12-19,37.57,37.700001,37.560001,37.689999,35.685692,848200,460
2019-12-20,37.650002,37.740002,37.619999,37.700001,35.8741,438800,461
2019-12-23,37.799999,37.869999,37.720001,37.740002,35.91217,438100,462
2019-12-24,37.77,37.77,37.689999,37.720001,35.893139,245500,463
2019-12-26,37.810001,37.939999,37.790001,37.939999,36.102474,369100,464
2019-12-27,38.040001,38.049999,37.869999,37.91,36.073933,2036100,465
2019-12-30,37.959999,37.970001,37.639999,37.73,35.902653,2905100,466
2019-12-31,37.650002,37.84,37.59,37.82,35.988293,719300,467
2020-01-02,38.029999,38.139999,37.889999,38.139999,36.292789,2746400,468
2020-01-03,37.779999,38.02,37.73,37.900002,36.064415,810800,469
2020-01-06,37.689999,38.029999,37.610001,38.02,36.1786,591000,470
2020-01-07,38.009998,38.02,37.869999,37.919998,36.083447,395700,471
2020-01-08,37.950001,38.290001,37.950001,38.119999,36.273762,723400,472
2020-01-09,38.34,38.400002,38.259998,38.400002,36.540207,463400,473
2020-01-10,38.490002,38.5,38.23,38.290001,36.435528,697400,474
2020-01-13,38.389999,38.580002,38.330002,38.580002,36.711479,496200,475
2020-01-14,38.549999,38.650002,38.439999,38.509998,36.644875,742000,476
2020-01-15,38.52,38.700001,38.490002,38.59,36.720993,430400,477
2020-01-16,38.75,38.93,38.740002,38.93,37.044529,584700,478
2020-01-17,39.029999,39.060001,38.91,39.029999,37.13969,971100,479
2020-01-21,38.91,39.049999,38.900002,38.959999,37.073074,1440500,480
2020-01-22,39.080002,39.16,38.93,38.959999,37.073074,1122900,481
2020-01-23,38.880001,39.040001,38.740002,39.029999,37.13969,869000,482
2020-01-24,39.130001,39.130001,38.509998,38.66,36.787609,962300,483
2020-01-27,38.009998,38.240002,37.950001,38.049999,36.207153,1169500,484
2020-01-28,38.23,38.560001,38.18,38.439999,36.578259,672500,485
2020-01-29,38.610001,38.639999,38.389999,38.41,36.549713,755600,486
2020-01-30,38.150002,38.560001,38.07,38.540001,36.67342,1316100,487
2020-01-31,38.450001,38.470001,37.73,37.860001,36.026356,2153100,488
2020-02-03,38.040001,38.360001,38.02,38.130001,36.283279,902500,489
2020-02-04,38.59,38.82,38.549999,38.700001,36.825672,1260600,490
2020-02-05,39.09,39.169998,38.900002,39.150002,37.25388,923400,491
2020-02-06,39.279999,39.310001,39.150002,39.279999,37.377583,912800,492
2020-02-07,39.150002,39.23,39.009998,39.080002,37.187275,1228300,493
2020-02-10,38.970001,39.369999,38.959999,39.369999,37.463223,941600,494
2020-02-11,39.549999,39.639999,39.380001,39.43,37.520317,1016200,495
2020-02-12,39.619999,39.709999,39.57,39.689999,37.767723,1176500,496
2020-02-13,39.490002,39.759998,39.470001,39.650002,37.72966,17852600,497
2020-02-14,39.700001,39.709999,39.549999,39.709999,37.786743,1035000,498
2020-02-18,39.59,39.66,39.43,39.610001,37.691597,1326200,499
2020-02-19,39.740002,39.880001,39.700001,39.790001,37.862877,1007000,500
2020-02-20,39.73,39.830002,39.25,39.630001,37.710629,2767400,501
2020-02-21,39.470001,39.490002,39.119999,39.23,37.330002,1862800,502
2020-02-24,38.009998,38.32,37.779999,37.91,36.073933,5996200,503
2020-02-25,38.09,38.18,36.66,36.779999,34.998661,7567900,504
2020-02-26,36.950001,37.41,36.549999,36.630001,34.85593,6233600,505
2020-02-27,35.91,36.419998,34.990002,35,33.304871,9246000,506
2020-02-28,33.93,34.82,33.580002,34.810001,33.124073,20646200,507
2020-03-02,35.049999,36.360001,34.630001,36.360001,34.598995,9728100,508
2020-03-03,36.400002,36.900002,34.990002,35.32,33.609364,10964000,509
2020-03-04,36,36.82,35.68,36.82,35.036724,5058000,510
2020-03-05,35.849998,36.27,35.290001,35.57,33.847263,4368100,511
2020-03-06,34.459999,35.119999,34.130001,34.990002,33.295357,5187500,512
2020-03-09,32.509998,33.400002,32.16,32.279999,30.716604,10590100,513
2020-03-10,33.470001,33.919998,32.169998,33.919998,32.277176,9342500,514
2020-03-11,33,33.139999,31.860001,32.27,30.707094,9939000,515
2020-03-12,29.98,31.299999,26.719999,29.129999,27.719168,9513400,516
2020-03-13,30.98,31.870001,29.34,31.860001,30.31695,9880200,517
2020-03-16,28.4,30.18,27.549999,28.139999,26.777113,7884500,518
2020-03-17,28.74,30.07,27.860001,29.91,28.46139,8819900,519
2020-03-18,27.950001,28.889999,26.82,28.34,26.967426,7350000,520
2020-03-19,28.120001,29.059999,27.299999,28.360001,26.98646,5691400,521
2020-03-20,28.67,28.879999,27.030001,27.08,25.768452,5971000,522
2020-03-23,26.82,26.9,25.620001,26.139999,25.038563,9345500,523
2020-03-24,27.51,28.67,27.469999,28.629999,27.423643,4917400,524
2020-03-25,28.77,30.1,28.15,29,27.778055,5868500,525
2020-03-26,29.33,30.860001,29.26,30.690001,29.396843,8010100,526
2020-03-27,29.719999,30.629999,29.49,29.790001,28.534765,9619800,527
2020-03-30,30.01,30.809999,29.799999,30.74,29.444735,8519600,528
2020-03-31,30.6,30.92,30.09,30.25,28.975384,4716100,529
2020-04-01,29.139999,29.530001,28.65,28.91,27.691845,6150000,530
2020-04-02,28.780001,29.65,28.719999,29.57,28.324034,6947200,531
2020-04-03,29.450001,29.73,28.799999,29.16,27.931311,2952900,532
2020-04-06,30.290001,31.34,30.15,31.129999,29.8183,4602800,533
2020-04-07,32.220001,32.32,31.110001,31.120001,29.808723,9414500,534
2020-04-08,31.48,32.34,31.200001,32.200001,30.843216,5084300,535
2020-04-09,32.59,33.029999,32.349998,32.68,31.302992,25739600,536
2020-04-13,32.549999,32.580002,31.879999,32.369999,31.006052,4121200,537
2020-04-14,33.009998,33.43,32.869999,33.330002,31.925608,4418800,538
2020-04-15,32.599998,32.830002,32.349998,32.619999,31.245522,5151600,539
2020-04-16,32.77,32.880001,32.380001,32.790001,31.40836,6743500,540
2020-04-17,33.5,33.740002,33.169998,33.66,32.241699,4606100,541
2020-04-20,33.189999,33.619999,33.049999,33.080002,31.686136,7406400,542
2020-04-21,32.5,32.650002,31.950001,32.07,30.718693,5143300,543
2020-04-22,32.700001,32.990002,32.529999,32.77,31.3892,3131300,544
2020-04-23,32.950001,33.34,32.740002,32.759998,31.379622,3502900,545
2020-04-24,32.959999,33.310001,32.709999,33.240002,31.839394,2308100,546
2020-04-27,33.5,33.84,33.419998,33.73,32.308743,2105100,547
2020-04-28,34.169998,34.220001,33.52,33.57,32.155491,3569300,548
2020-04-29,34.25,34.630001,34.110001,34.439999,32.988834,4308200,549
2020-04-30,34.27,34.32,33.889999,34.110001,32.672737,3578500,550
2020-05-01,33.490002,33.59,33.07,33.209999,31.810656,3567500,551
2020-05-04,32.98,33.330002,32.799999,33.330002,31.925608,2055000,552
2020-05-05,33.650002,33.970001,33.57,33.619999,32.203384,1985400,553
2020-05-06,33.82,33.880001,33.380001,33.380001,31.973492,2463200,554
2020-05-07,33.779999,34.029999,33.73,33.779999,32.356647,2480500,555
2020-05-08,34.189999,34.389999,34.049999,34.349998,32.902622,2331600,556
2020-05-11,34.099998,34.529999,34.049999,34.369999,32.921783,2160100,557
2020-05-12,34.509998,34.549999,33.66,33.669998,32.25127,4328000,558
2020-05-13,33.580002,33.720001,32.759998,33.080002,31.686136,4560100,559
2020-05-14,32.77,33.48,32.459999,33.48,32.069283,4289100,560
2020-05-15,33.169998,33.619999,33.040001,33.599998,32.184227,3216200,561
2020-05-18,34.389999,34.84,34.380001,34.650002,33.189983,2406800,562
2020-05-19,34.580002,34.790001,34.290001,34.299999,32.85474,3542500,563
2020-05-20,34.75,34.990002,34.720001,34.869999,33.400715,2026000,564
2020-05-21,34.869999,34.959999,34.5,34.619999,33.161251,3188100,565
2020-05-22,34.610001,34.720001,34.439999,34.700001,33.237881,2313100,566
2020-05-26,35.470001,35.490002,35.09,35.16,33.678493,3994800,567
2020-05-27,35.5,35.66,34.880001,35.66,34.157429,3847400,568
2020-05-28,35.810001,36.040001,35.509998,35.599998,34.099957,3920300,569
2020-05-29,35.529999,35.830002,35.200001,35.73,34.224476,3920200,570
2020-06-01,35.68,35.970001,35.610001,35.900002,34.38731,2170300,571
2020-06-02,36.02,36.200001,35.849998,36.200001,34.674667,2065500,572
2020-06-03,36.439999,36.790001,36.419998,36.68,35.134449,2429900,573
2020-06-04,36.560001,36.77,36.32,36.57,35.029079,2524100,574
2020-06-05,37.299999,37.740002,37.27,37.509998,35.929474,2804000,575
2020-06-08,37.639999,37.990002,37.560001,37.990002,36.389252,2016400,576
2020-06-09,37.650002,37.880001,37.529999,37.700001,36.111473,2734500,577
2020-06-10,37.759998,37.880001,37.400002,37.48,35.900745,3587200,578
2020-06-11,36.580002,36.66,35.25,35.310001,33.822178,4935500,579
2020-06-12,36.220001,36.310001,35.080002,35.759998,34.253212,7187500,580
2020-06-15,35,36.209999,34.869999,36.080002,34.559731,4998500,581
2020-06-16,37.080002,37.080002,36.16,36.77,35.220661,5930500,582
2020-06-17,36.919998,36.939999,36.529999,36.599998,35.057823,2372600,583
2020-06-18,36.439999,36.689999,36.369999,36.639999,35.09613,1621500,584
2020-06-19,37.080002,37.09,36.259998,36.43,34.894981,3070000,585
2020-06-22,36.169998,36.540001,36.040001,36.5,35.124016,3148400,586
2020-06-23,36.830002,36.950001,36.619999,36.650002,35.26836,1843100,587
2020-06-24,36.400002,36.48,35.490002,35.73,34.383038,2982000,588
2020-06-25,35.639999,36.130001,35.389999,36.099998,34.739086,2399700,589
2020-06-26,35.959999,35.98,35.18,35.240002,33.91151,3963700,590
2020-06-29,35.389999,35.759998,35.119999,35.759998,34.411907,2988400,591
2020-06-30,35.720001,36.43,35.700001,36.25,34.883434,2905600,592
2020-07-01,36.380001,36.630001,36.310001,36.490002,35.114388,4180200,593
2020-07-02,36.919998,37.080002,36.599998,36.66,35.277977,1878000,594
2020-07-06,37.18,37.27,37.07,37.240002,35.836117,2742400,595
2020-07-07,37.060001,37.299999,36.82,36.849998,35.460819,2004800,596
2020-07-08,36.950001,37.150002,36.740002,37.139999,35.73988,1767200,597
2020-07-09,37.23,37.240002,36.5,36.919998,35.528172,3238600,598
2020-07-10,36.900002,37.34,36.75,37.32,35.913097,3710800,599
2020-07-13,37.619999,37.900002,36.91,36.970001,35.576294,4002200,600
2020-07-14,36.790001,37.509998,36.66,37.48,36.067066,4758200,601
2020-07-15,37.889999,37.939999,37.5,37.799999,36.375,3182600,602
2020-07-16,37.560001,37.740002,37.490002,37.68,36.259525,3052200,603
2020-07-17,37.82,37.889999,37.560001,37.779999,36.355759,2499900,604
2020-07-20,37.77,38.189999,37.669998,38.09,36.654068,1974300,605
2020-07-21,38.349998,38.400002,38.060001,38.189999,36.750298,2321400,606
2020-07-22,38.139999,38.43,38.130001,38.400002,36.952389,1983500,607
2020-07-23,38.360001,38.439999,37.77,37.93,36.500103,4221000,608
2020-07-24,37.709999,37.82,37.509998,37.689999,36.269146,2013100,609
2020-07-27,37.779999,37.990002,37.68,37.959999,36.528969,1964200,610
2020-07-28,37.880001,38.02,37.689999,37.73,36.307644,1944700,611
2020-07-29,37.84,38.259998,37.84,38.18,36.740685,1764000,612
2020-07-30,37.810001,38.099998,37.549999,38.07,36.634823,4836700,613
2020-07-31,38.290001,38.360001,37.75,38.360001,36.913887,2882500,614
2020-08-03,38.57,38.720001,38.509998,38.619999,37.164093,2187200,615
2020-08-04,38.52,38.779999,38.52,38.779999,37.318062,1493300,616
2020-08-05,38.950001,39.049999,38.91,39.02,37.549011,3890800,617
2020-08-06,38.939999,39.32,38.91,39.27,37.789593,1765600,618
2020-08-07,39.16,39.32,39.040001,39.299999,37.818459,2092900,619
2020-08-10,39.349998,39.439999,39.119999,39.419998,37.933929,2267000,620
2020-08-11,39.59,39.650002,39.009998,39.09,37.616379,3576800,621
2020-08-12,39.419998,39.740002,39.41,39.630001,38.136017,1795300,622
2020-08-13,39.549999,39.740002,39.459999,39.57,38.078278,2767000,623
2020-08-14,39.509998,39.639999,39.43,39.580002,38.087894,1560000,624
2020-08-17,39.709999,39.740002,39.650002,39.689999,38.193752,1905300,625
2020-08-18,39.75,39.830002,39.549999,39.790001,38.289982,2084400,626
2020-08-19,39.849998,39.900002,39.549999,39.630001,38.136017,2349000,627
2020-08-20,39.389999,39.810001,39.389999,39.75,38.251492,972500,628
2020-08-21,39.720001,39.91,39.669998,39.889999,38.386204,1332800,629
2020-08-24,40.18,40.290001,40.080002,40.279999,38.761505,1204900,630
2020-08-25,40.349998,40.439999,40.220001,40.419998,38.896236,1494000,631
2020-08-26,40.509998,40.869999,40.439999,40.84,39.3004,823100,632
2020-08-27,40.959999,41.110001,40.720001,40.919998,39.377388,1682200,633
2020-08-28,41.060001,41.220001,40.91,41.200001,39.646832,1963800,634
2020-08-31,41.150002,41.279999,41.029999,41.049999,39.502476,2030200,635
2020-09-01,41.150002,41.439999,41.040001,41.419998,39.85854,2301800,636
2020-09-02,41.66,42.139999,41.529999,42.029999,40.445541,2073700,637
2020-09-03,41.82,41.880001,40.259998,40.57,39.040581,5568300,638
2020-09-04,40.66,40.860001,39.34,40.240002,38.723022,6967200,639
2020-09-08,39.549999,39.709999,39.110001,39.150002,37.67411,4997700,640
2020-09-09,39.669998,40.23,39.549999,39.93,38.424706,4518800,641
2020-09-10,40.169998,40.240002,39.110001,39.220001,37.74147,6477300,642
2020-09-11,39.459999,39.580002,38.889999,39.259998,37.779961,6597400,643
2020-09-14,39.66,39.990002,39.59,39.77,38.270744,2097500,644
2020-09-15,40.09,40.189999,39.84,39.970001,38.463203,1259800,645
2020-09-16,40.119999,40.299999,39.779999,39.810001,38.309227,1948700,646
2020-09-17,39.200001,39.669998,39.119999,39.450001,37.962803,3093500,647
2020-09-18,39.560001,39.560001,38.700001,39.009998,37.539383,3504400,648
2020-09-21,38.279999,38.43,37.810001,38.43,37.124004,3739500,649
2020-09-22,38.59,38.880001,38.299999,38.810001,37.491085,1681700,650
2020-09-23,38.889999,38.919998,37.849998,37.919998,36.631332,2603100,651
2020-09-24,37.740002,38.400002,37.580002,38.009998,36.718273,3505800,652
2020-09-25,37.91,38.720001,37.799999,38.619999,37.307541,2789000,653
2020-09-28,39.150002,39.349998,39.029999,39.27,37.935455,3184800,654
2020-09-29,39.25,39.330002,38.970001,39.060001,37.732594,2261500,655
2020-09-30,39.150002,39.740002,39.119999,39.349998,38.012733,3560400,656
2020-10-01,39.68,39.810001,39.369999,39.59,38.244579,3494200,657
2020-10-02,38.959999,39.459999,38.919998,39.220001,37.88715,3514900,658
2020-10-05,39.48,39.939999,39.48,39.919998,38.563366,3033200,659
2020-10-06,39.950001,40.200001,39.299999,39.349998,38.012733,3443200,660
2020-10-07,39.720001,40.139999,39.720001,40.029999,38.669621,2700400,661
2020-10-08,40.299999,40.400002,40.18,40.389999,39.017395,1744300,662
2020-10-09,40.619999,40.810001,40.529999,40.77,39.38448,3607700,663
2020-10-12,41.060001,41.599998,41.029999,41.400002,39.993069,1947000,664
2020-10-13,41.380001,41.400002,41.049999,41.139999,39.741905,2100800,665
2020-10-14,41.23,41.349998,40.799999,40.900002,39.510071,2203900,666
2020-10-15,40.369999,40.889999,40.330002,40.84,39.452095,3271000,667
2020-10-16,41.009998,41.209999,40.790001,40.810001,39.423119,1701100,668
2020-10-19,40.959999,41.049999,40.09,40.18,38.814533,2384000,669
2020-10-20,40.369999,40.75,40.25,40.360001,38.988411,3859800,670
2020-10-21,40.34,40.610001,40.240002,40.259998,38.891811,2238100,671
2020-10-22,40.290001,40.57,40.040001,40.509998,39.133312,2049100,672
2020-10-23,40.650002,40.66,40.330002,40.639999,39.258896,1935600,673
2020-10-26,40.220001,40.299999,39.450001,39.889999,38.534378,2962200,674
2020-10-27,39.919998,39.970001,39.720001,39.740002,38.389488,1710000,675
2020-10-28,39.040001,39.110001,38.32,38.369999,37.066032,3939900,676
2020-10-29,38.439999,39.169998,38.200001,38.779999,37.462105,3701500,677
2020-10-30,38.560001,38.73,37.919998,38.380001,37.075703,4269200,678
2020-11-02,38.779999,39.049999,38.459999,38.82,37.500748,3363100,679
2020-11-03,39.23,39.75,39.16,39.490002,38.147984,2928300,680
2020-11-04,40.07,40.880001,39.919998,40.380001,39.007732,4642500,681
2020-11-05,41.049999,41.380001,41,41.169998,39.770885,3745600,682
2020-11-06,41.130001,41.299999,40.860001,41.150002,39.751564,2059300,683
2020-11-09,42.779999,42.810001,41.619999,41.68,40.26355,5753700,684
2020-11-10,41.549999,41.740002,41.209999,41.599998,40.186268,3273000,685
2020-11-11,41.869999,42.02,41.73,41.93,40.505054,1939500,686
2020-11-12,41.77,41.889999,41.290001,41.529999,40.118645,2337200,687
2020-11-13,41.75,42.18,41.689999,42.09,40.659615,1606300,688
2020-11-16,42.439999,42.599998,42.27,42.59,41.142628,1970300,689
2020-11-17,42.310001,42.529999,42.119999,42.389999,40.949425,2306700,690
2020-11-18,42.41,42.490002,41.869999,41.869999,40.44709,2228900,691
2020-11-19,41.810001,42.099998,41.639999,42.060001,40.630638,1686100,692
2020-11-20,42.029999,42.040001,41.759998,41.77,40.350494,1127600,693
2020-11-23,42,42.16,41.709999,42.02,40.591999,1982300,694
2020-11-24,42.32,42.759998,42.23,42.68,41.229572,4920000,695
2020-11-25,42.700001,42.700001,42.5,42.639999,41.190926,1372400,696
2020-11-27,42.77,42.799999,42.630001,42.73,41.27787,661900,697
2020-11-30,42.650002,42.68,42.220001,42.540001,41.094326,1702700,698
2020-12-01,42.98,43.220001,42.889999,43.029999,41.567669,2408200,699
2020-12-02,42.889999,43.130001,42.810001,43.099998,41.635296,1659900,700
2020-12-03,43.099998,43.279999,42.970001,43.099998,41.635296,2168200,701
2020-12-04,43.169998,43.48,43.169998,43.48,42.00238,1756600,702
2020-12-07,43.389999,43.450001,43.23,43.400002,41.925102,1626200,703
2020-12-08,43.220001,43.580002,43.209999,43.509998,42.031361,800600,704
2020-12-09,43.599998,43.619999,43.02,43.139999,41.673935,2066700,705
2020-12-10,42.959999,43.240002,42.84,43.119999,41.654617,1353400,706
2020-12-11,42.900002,43.09,42.709999,43.07,41.606319,1118800,707
2020-12-14,43.349998,43.470001,42.849998,42.869999,41.413113,5525100,708
2020-12-15,43.200001,43.450001,43.02,43.450001,41.9734,1384200,709
2020-12-16,43.490002,43.630001,43.360001,43.5,42.021698,1124800,710
2020-12-17,43.709999,43.779999,43.619999,43.77,42.282532,1238800,711
2020-12-18,43.84,43.84,43.34,43.59,42.108643,1770600,712
2020-12-21,42.919998,43.360001,42.57,43.279999,41.983505,2675000,713
2020-12-22,43.310001,43.310001,43.040001,43.18,41.886505,1858900,714
2020-12-23,43.310001,43.459999,43.189999,43.189999,41.896202,2127500,715
2020-12-24,43.25,43.389999,43.200001,43.389999,42.09021,483800,716
2020-12-28,43.720001,43.810001,43.630001,43.75,42.439423,966000,717
2020-12-29,43.950001,43.959999,43.599998,43.66,42.352127,1635800,718
2020-12-30,43.779999,43.849998,43.68,43.73,42.420029,858100,719
2020-12-31,43.73,44.029999,43.650002,43.959999,42.643139,1663300,720
2021-01-04,44.130001,44.130001,42.900002,43.360001,42.061111,3208100,721
2021-01-05,43.290001,43.779999,43.290001,43.66,42.352127,1929300,722
2021-01-06,43.459999,44.310001,43.400002,43.900002,42.584938,3306300,723
2021-01-07,44.209999,44.66,44.200001,44.549999,43.215466,1535100,724
2021-01-08,44.759998,44.849998,44.34,44.830002,43.48708,2278000,725
2021-01-11,44.419998,44.740002,44.41,44.540001,43.205765,3002500,726
2021-01-12,44.540001,44.66,44.25,44.549999,43.215466,1769600,727
2021-01-13,44.529999,44.779999,44.43,44.639999,43.302773,1363900,728
2021-01-14,44.759998,44.810001,44.450001,44.5,43.166965,1756100,729
2021-01-15,44.27,44.389999,43.939999,44.16,42.837151,1795300,730
2021-01-19,44.470001,44.59,44.299999,44.5,43.166965,1916200,731
2021-01-20,44.810001,45.240002,44.759998,45.139999,43.787788,2706900,732
2021-01-21,45.240002,45.259998,45.060001,45.18,43.826595,1729500,733
2021-01-22,44.939999,45.16,44.900002,45,43.651985,1105700,734
2021-01-25,45.110001,45.240002,44.5,45.189999,43.836288,2272300,735
2021-01-26,45.310001,45.360001,45.099998,45.110001,43.758694,1621500,736
2021-01-27,44.689999,44.700001,43.740002,44.040001,42.720745,3592300,737
2021-01-28,44.25,44.91,44.200001,44.400002,43.069958,3434900,738
2021-01-29,44.16,44.279999,43.310001,43.549999,42.245419,4629200,739
2021-02-01,43.93,44.369999,43.68,44.240002,42.914753,2136800,740
2021-02-02,44.630001,45.060001,44.630001,44.84,43.496773,2603200,741
2021-02-03,44.98,45.110001,44.75,44.880001,43.53558,2275200,742
2021-02-04,45.009998,45.419998,45.009998,45.419998,44.059402,1953000,743
2021-02-05,45.669998,45.669998,45.450001,45.599998,44.234009,1111600,744
2021-02-08,45.779999,45.939999,45.68,45.939999,44.563828,1317600,745
2021-02-09,45.830002,45.959999,45.759998,45.880001,44.505623,1860300,746
2021-02-10,46.119999,46.130001,45.57,45.860001,44.486225,1976700,747
2021-02-11,46,46.049999,45.630001,45.939999,44.563828,1372200,748
2021-02-12,45.82,46.200001,45.82,46.18,44.796635,1541900,749
2021-02-16,46.310001,46.349998,46.049999,46.130001,44.748127,1770600,750
2021-02-17,45.91,46.169998,45.790001,46.16,44.777237,1965400,751
2021-02-18,45.830002,46.029999,45.59,45.950001,44.573528,1957600,752
2021-02-19,46.119999,46.130001,45.810001,45.869999,44.495922,2042400,753
2021-02-22,45.529999,45.82,45.490002,45.529999,44.166107,3084000,754
2021-02-23,45.25,45.740002,44.709999,45.549999,44.185513,5589900,755
2021-02-24,45.41,46.119999,45.310001,46.080002,44.699638,3406700,756
2021-02-25,45.900002,46.080002,44.779999,44.98,43.632587,6156000,757
2021-02-26,45.220001,45.34,44.48,44.740002,43.399776,7005900,758
2021-03-01,45.360001,45.970001,45.349998,45.799999,44.428017,2104300,759
2021-03-02,45.860001,45.869999,45.419998,45.459999,44.098209,4114200,760
2021-03-03,45.380001,45.490002,44.84,44.84,43.496773,6202800,761
2021-03-04,44.82,45.139999,43.740002,44.290001,42.963253,8076300,762
2021-03-05,44.740002,45.240002,43.830002,45.099998,43.748989,8263300,763
2021-03-08,45.240002,45.580002,44.860001,44.900002,43.554981,5318200,764
2021-03-09,45.360001,45.860001,45.32,45.509998,44.146709,4359500,765
2021-03-10,45.84,46.029999,45.66,45.810001,44.437725,5140500,766
2021-03-11,46.119999,46.529999,46.080002,46.290001,44.903343,2378000,767
2021-03-12,46.099998,46.360001,46.009998,46.349998,44.96154,3879200,768
2021-03-15,46.380001,46.66,46.110001,46.630001,45.233158,2956400,769
2021-03-16,46.709999,46.790001,46.459999,46.580002,45.184658,3060000,770
2021-03-17,46.41,46.82,46.25,46.720001,45.320461,4077900,771
2021-03-18,46.400002,46.66,45.970001,46.02,44.64143,4134300,772
2021-03-19,46.02,46.189999,45.689999,45.970001,44.59293,4767600,773
2021-03-22,45.849998,46.32,45.849998,46.150002,44.936649,2994800,774
2021-03-23,46.07,46.25,45.689999,45.799999,44.595848,3207200,775
2021-03-24,45.959999,46.169998,45.549999,45.560001,44.362156,3572100,776
2021-03-25,45.380001,45.91,45.130001,45.810001,44.605587,5363100,777
2021-03-26,45.970001,46.59,45.889999,46.540001,45.316402,3990100,778
2021-03-29,46.380001,46.630001,46.18,46.509998,45.287182,3480800,779
2021-03-30,46.380001,46.48,46.200001,46.400002,45.180077,3065200,780
2021-03-31,46.490002,46.790001,46.48,46.610001,45.384552,3843500,781
2021-04-01,46.82,47.099998,46.810001,47.080002,45.842197,2672800,782
2021-04-05,47.43,47.830002,47.43,47.77,46.514057,3230800,783
2021-04-06,47.709999,47.869999,47.669998,47.720001,46.46537,2400300,784
2021-04-07,47.720001,47.84,47.66,47.810001,46.553009,1976500,785
2021-04-08,47.950001,48.029999,47.84,48.029999,46.767216,2199700,786
2021-04-09,48,48.389999,47.990002,48.380001,47.108025,2455100,787
2021-04-12,48.310001,48.419998,48.23,48.380001,47.108025,1804900,788
2021-04-13,48.389999,48.610001,48.330002,48.509998,47.234592,2563500,789
2021-04-14,48.540001,48.66,48.299999,48.380001,47.108025,3655700,790
2021-04-15,48.650002,48.919998,48.639999,48.900002,47.614346,2603900,791
2021-04-16,49.07,49.119999,48.880001,49.060001,47.770138,2020000,792
2021-04-19,48.939999,48.990002,48.650002,48.799999,47.516975,3275700,793
2021-04-20,48.66,48.740002,48.27,48.470001,47.195648,3091800,794
2021-04-21,48.360001,48.93,48.360001,48.93,47.643559,1492100,795
2021-04-22,48.91,48.990002,48.34,48.459999,47.185917,2834800,796
2021-04-23,48.549999,49.16,48.529999,49,47.711712,1308400,797
2021-04-26,49.060001,49.169998,49.029999,49.080002,47.789616,1481700,798
2021-04-27,49.139999,49.16,48.950001,49.080002,47.789616,2252700,799
2021-04-28,49.110001,49.25,49.029999,49.07,47.779877,1354600,800
2021-04-29,49.43,49.450001,48.959999,49.369999,48.071987,2095000,801
2021-04-30,49.09,49.200001,48.950001,49.040001,47.750664,1991000,802
2021-05-03,49.310001,49.360001,49.110001,49.150002,47.857773,1648000,803
2021-05-04,48.91,48.970001,48.41,48.860001,47.575394,2934500,804
2021-05-05,49.09,49.099998,48.790001,48.880001,47.594875,1940200,805
2021-05-06,48.900002,49.279999,48.639999,49.27,47.974613,2604600,806
2021-05-07,49.380001,49.709999,49.290001,49.619999,48.315414,2468700,807
2021-05-10,49.66,49.689999,49.130001,49.139999,47.848034,1943200,808
2021-05-11,48.580002,48.82,48.209999,48.720001,47.439079,4380500,809
2021-05-12,48.349998,48.5,47.599998,47.68,46.426422,4716400,810
2021-05-13,47.869999,48.48,47.860001,48.220001,46.952225,3709100,811
2021-05-14,48.580002,49.09,48.580002,48.970001,47.682507,1751600,812
2021-05-17,48.82,48.950001,48.610001,48.849998,47.565659,1979300,813
2021-05-18,48.900002,48.919998,48.419998,48.450001,47.176178,1534500,814
2021-05-19,47.849998,48.330002,47.650002,48.32,47.049595,4209400,815
2021-05-20,48.43,48.98,48.400002,48.830002,47.546188,1924300,816
2021-05-21,49.029999,49.16,48.73,48.779999,47.497498,2287500,817
2021-05-24,49.07,49.419998,49.040001,49.27,47.974613,1203800,818
2021-05-25,49.43,49.459999,49.110001,49.18,47.886982,1990300,819
2021-05-26,49.259998,49.34,49.119999,49.279999,47.984356,1148900,820
2021-05-27,49.41,49.459999,49.279999,49.299999,48.003826,1314000,821
2021-05-28,49.5,49.529999,49.360001,49.369999,48.071987,1939100,822
2021-06-01,49.689999,49.689999,49.290001,49.349998,48.052509,1899600,823
2021-06-02,49.43,49.52,49.299999,49.43,48.130409,1328300,824
2021-06-03,49.130001,49.380001,48.950001,49.259998,47.964874,1756900,825
2021-06-04,49.490002,49.720001,49.470001,49.689999,48.383575,1237700,826
2021-06-07,49.700001,49.700001,49.529999,49.630001,48.325153,1032200,827
2021-06-08,49.759998,49.759998,49.43,49.650002,48.344627,1142700,828
2021-06-09,49.740002,49.759998,49.549999,49.57,48.266727,2124200,829
2021-06-10,49.720001,49.919998,49.57,49.810001,48.500423,1114900,830
2021-06-11,49.889999,49.900002,49.720001,49.880001,48.568581,1098000,831
2021-06-14,49.91,50.009998,49.75,50.009998,48.69516,1246800,832
2021-06-15,50.040001,50.040001,49.799999,49.919998,48.607521,1242900,833
2021-06-16,49.939999,49.939999,49.369999,49.639999,48.334888,2054800,834
2021-06-17,49.59,49.73,49.310001,49.619999,48.315414,1508400,835
2021-06-18,49.220001,49.27,48.93,48.959999,47.672764,2206200,836
2021-06-21,49.009998,49.5,48.900002,49.48,48.343994,2741700,837
2021-06-22,49.490002,49.84,49.389999,49.740002,48.598026,1428700,838
2021-06-23,49.75,49.849998,49.68,49.689999,48.549171,1110500,839
2021-06-24,49.93,50.029999,49.919998,49.970001,48.822746,1028400,840
2021-06-25,50.080002,50.200001,50.029999,50.130001,48.979069,942000,841
2021-06-28,50.209999,50.27,50.07,50.259998,49.106087,1127800,842
2021-06-29,50.32,50.369999,50.220001,50.279999,49.125626,810600,843
2021-06-30,50.23,50.400002,50.23,50.330002,49.17448,1831700,844
2021-07-01,50.43,50.610001,50.41,50.610001,49.448048,1471600,845
2021-07-02,50.75,51.029999,50.709999,50.990002,49.819328,2292600,846
2021-07-06,50.98,51.009998,50.549999,50.889999,49.721619,1269100,847
2021-07-07,50.98,51.110001,50.73,51.080002,49.907261,1299600,848
2021-07-08,50.389999,50.759998,50.27,50.669998,49.506676,1845700,849
2021-07-09,50.830002,51.23,50.82,51.200001,50.024506,1298800,850
2021-07-12,51.18,51.41,51.139999,51.400002,50.219913,1327200,851
2021-07-13,51.299999,51.470001,51.18,51.23,50.053814,1747600,852
2021-07-14,51.43,51.490002,51.130001,51.290001,50.112442,1283200,853
2021-07-15,51.110001,51.200001,50.880001,51.119999,49.946342,1731900,854
2021-07-16,51.25,51.259998,50.66,50.720001,49.555531,2453500,855
2021-07-19,50.110001,50.16,49.610001,49.950001,48.803204,3032500,856
2021-07-20,50.060001,50.84,49.950001,50.68,49.516445,4570300,857
2021-07-21,50.810001,51.110001,50.810001,51.09,49.91703,3974700,858
2021-07-22,51.119999,51.23,50.990002,51.209999,50.034275,990500,859
2021-07-23,51.450001,51.759998,51.360001,51.720001,50.532566,1376800,860
2021-07-26,51.66,51.849998,51.639999,51.830002,50.640045,1438900,861
2021-07-27,51.720001,51.720001,51.259998,51.619999,50.43486,3433700,862
2021-07-28,51.700001,51.77,51.419998,51.599998,50.415318,1884700,863
2021-07-29,51.720001,51.939999,51.720001,51.799999,50.610729,1291400,864
2021-07-30,51.490002,51.73,51.470001,51.560001,50.37624,1320500,865
2021-08-02,51.779999,51.830002,51.41,51.450001,50.268764,1608400,866
2021-08-03,51.549999,51.869999,51.27,51.849998,50.659576,1347800,867
2021-08-04,51.709999,51.779999,51.59,51.619999,50.43486,2115300,868
2021-08-05,51.77,51.950001,51.73,51.919998,50.727974,1956000,869
2021-08-06,51.990002,52.07,51.950001,52.029999,50.835449,1011100,870
2021-08-09,52,52.049999,51.900002,51.990002,50.796368,1095200,871
2021-08-10,52.049999,52.139999,51.950001,52.049999,50.854992,4482700,872
2021-08-11,52.189999,52.189999,52.040001,52.16,50.962467,884200,873
2021-08-12,52.16,52.349998,52.049999,52.34,51.138325,941600,874
2021-08-13,52.400002,52.439999,52.34,52.439999,51.236034,885800,875
2021-08-16,52.25,52.57,52.07,52.57,51.363056,1197700,876
2021-08-17,52.240002,52.32,51.84,52.189999,50.991776,2158500,877
2021-08-18,52.09,52.27,51.599998,51.650002,50.464172,4645100,878
2021-08-19,51.279999,51.860001,51.27,51.720001,50.532566,2765100,879
2021-08-20,51.77,52.169998,51.700001,52.130001,50.933155,1179900,880
2021-08-23,52.32,52.700001,52.32,52.57,51.363056,896800,881
2021-08-24,52.68,52.740002,52.599998,52.669998,51.460754,1259200,882
2021-08-25,52.709999,52.849998,52.650002,52.77,51.55846,955800,883
2021-08-26,52.77,52.779999,52.459999,52.48,51.27512,1541000,884
2021-08-27,52.580002,52.990002,52.57,52.939999,51.724556,2052400,885
2021-08-30,53.009998,53.27,53,53.16,51.939503,1181600,886
2021-08-31,53.18,53.200001,53.02,53.09,51.87112,1647100,887
2021-09-01,53.23,53.279999,53.099998,53.110001,51.890652,1867100,888
2021-09-02,53.310001,53.389999,53.139999,53.290001,52.066521,1172700,889
2021-09-03,53.18,53.330002,53.099998,53.259998,52.037205,2370000,890
2021-09-07,53.220001,53.23,53,53.09,51.87112,2476000,891
2021-09-08,53,53.099998,52.779999,53.029999,51.812485,2397500,892
2021-09-09,52.990002,53.209999,52.759998,52.790001,51.577995,1673500,893
2021-09-10,53.009998,53.080002,52.360001,52.389999,51.187176,2349200,894
2021-09-13,52.73,52.779999,52.209999,52.490002,51.284889,2134800,895
2021-09-14,52.689999,52.709999,52.110001,52.23,51.030861,3154900,896
2021-09-15,52.290001,52.720001,52.139999,52.639999,51.431442,2263600,897
2021-09-16,52.599998,52.709999,52.209999,52.580002,51.372822,1291700,898
2021-09-17,52.459999,52.529999,52.02,52.080002,50.884304,1550700,899
2021-09-20,51.139999,51.34,50.439999,51.040001,50.016079,2803900,900
2021-09-21,51.349998,51.490002,50.939999,51.009998,49.986675,1775100,901
2021-09-22,51.299999,51.75,51.169998,51.5,50.466846,1946900,902
2021-09-23,51.740002,52.32,51.709999,52.130001,51.084209,1649200,903
2021-09-24,51.919998,52.290001,51.900002,52.220001,51.172405,2450700,904
2021-09-27,52.060001,52.220001,51.970001,52.07,51.025414,1324200,905
2021-09-28,51.700001,51.740002,50.93,51.02,49.996475,2223700,906
2021-09-29,51.189999,51.389999,51.02,51.080002,50.055275,3852400,907
2021-09-30,51.279999,51.369999,50.450001,50.459999,49.447708,4511900,908
2021-10-01,50.700001,51.27,50.240002,51.07,50.045471,3806600,909
2021-10-04,50.93,51.02,50.150002,50.43,49.418312,4162100,910
2021-10-05,50.619999,51.220001,50.5,50.939999,49.918079,3545200,911
2021-10-06,50.490002,51.18,50.290001,51.139999,50.114071,3907500,912
2021-10-07,51.560001,51.939999,51.529999,51.57,50.535446,1910300,913
2021-10-08,51.689999,51.73,51.419998,51.5,50.466846,1577300,914
2021-10-11,51.43,51.779999,51.119999,51.130001,50.104267,1828700,915
2021-10-12,51.25,51.290001,50.900002,51,49.976879,3808100,916
2021-10-13,51.119999,51.279999,50.759998,51.16,50.133671,2708700,917
2021-10-14,51.630001,52.060001,51.580002,52.029999,50.986214,3071900,918
2021-10-15,52.32,52.48,52.23,52.439999,51.387989,1263700,919
2021-10-18,52.220001,52.630001,52.139999,52.610001,51.554581,2994100,920
2021-10-19,52.810001,53.02,52.73,53.02,51.956356,1710600,921
2021-10-20,53.040001,53.240002,53.040001,53.189999,52.122944,1665900,922
2021-10-21,53.139999,53.380001,53.080002,53.360001,52.289532,1706600,923
2021-10-22,53.310001,53.470001,53.040001,53.310001,52.240536,1450100,924
2021-10-25,53.419998,53.619999,53.209999,53.580002,52.505127,3011700,925
2021-10-26,53.77,53.93,53.59,53.630001,52.554119,1825300,926
2021-10-27,53.700001,53.759998,53.389999,53.389999,52.318928,2183600,927
2021-10-28,53.580002,53.91,53.57,53.91,52.828499,1751800,928
2021-10-29,53.610001,54.049999,53.580002,53.990002,52.906898,2399800,929
2021-11-01,54.150002,54.18,53.889999,54.119999,53.034286,1840700,930
2021-11-02,54.119999,54.360001,54.110001,54.310001,53.220478,2237000,931
2021-11-03,54.27,54.700001,54.209999,54.669998,53.573254,2563100,932
2021-11-04,54.73,54.93,54.689999,54.900002,53.798641,2510500,933
2021-11-05,55.200001,55.349998,54.919998,55.09,53.984829,3405100,934
2021-11-08,55.25,55.299999,55.07,55.139999,54.033829,1925700,935
2021-11-09,55.18,55.220001,54.790001,54.98,53.877033,3720200,936
2021-11-10,54.75,54.970001,54.34,54.540001,53.445862,2826300,937
2021-11-11,54.709999,54.709999,54.540001,54.560001,53.465458,1631300,938
2021-11-12,54.709999,55.029999,54.580002,54.959999,53.857437,1085500,939
2021-11-15,55.119999,55.130001,54.84,54.98,53.877033,2039400,940
2021-11-16,54.950001,55.34,54.939999,55.18,54.073021,2228400,941
2021-11-17,55.16,55.18,54.990002,55.060001,53.955433,1684500,942
2021-11-18,55.200001,55.279999,54.849998,55.25,54.141613,2155100,943
2021-11-19,55.240002,55.380001,55.110001,55.16,54.053421,1601600,944
2021-11-22,55.380001,55.689999,54.970001,54.990002,53.886837,1799200,945
2021-11-23,54.959999,55.169998,54.630001,55.080002,53.975029,2776000,946
2021-11-24,54.830002,55.220001,54.720001,55.209999,54.102413,2513700,947
2021-11-26,54.389999,54.549999,53.849998,54,52.916695,2659700,948
2021-11-29,54.580002,54.869999,54.310001,54.650002,53.553661,1876700,949
2021-11-30,54.34,54.57,53.549999,53.619999,52.544315,3890700,950
2021-12-01,54.27,54.650002,52.959999,53,51.936752,3335200,951
2021-12-02,53.009998,53.98,52.970001,53.799999,52.720703,5303400,952
2021-12-03,54.009998,54.130001,52.799999,53.34,52.269936,5979900,953
2021-12-06,53.639999,54.189999,53.349998,53.950001,52.867699,4411000,954
2021-12-07,54.639999,55.139999,54.619999,55.060001,53.955433,2898300,955
2021-12-08,55.139999,55.279999,54.91,55.240002,54.131821,2688700,956
2021-12-09,55.080002,55.169998,54.830002,54.860001,53.759441,3473700,957
2021-12-10,55.200001,55.380001,54.869999,55.380001,54.269009,2933600,958
2021-12-13,55.279999,55.34,54.849998,54.889999,53.788837,2311700,959
2021-12-14,54.470001,54.77,54.130001,54.490002,53.396866,2577000,960
2021-12-15,54.509998,55.389999,54.200001,55.360001,54.249413,3538600,961
2021-12-16,55.59,55.610001,54.669998,54.869999,53.769241,3366800,962
2021-12-17,54.48,54.849998,54.07,54.299999,53.21067,5473000,963
2021-12-20,53.43,53.549999,53.049999,53.52,52.643131,4484400,964
2021-12-21,53.939999,54.470001,53.66,54.459999,53.567726,4269700,965
2021-12-22,54.419998,55.009998,54.41,55.009998,54.108711,2494000,966
2021-12-23,55.119999,55.52,55.119999,55.349998,54.443146,2626700,967
2021-12-27,55.509998,56.130001,55.509998,56.130001,55.210365,2393900,968
2021-12-28,56.18,56.299999,55.98,56.07,55.151352,3144400,969
2021-12-29,56.110001,56.27,55.970001,56.16,55.239872,1859000,970
2021-12-30,56.189999,56.330002,55.93,56,55.082493,2228300,971
2021-12-31,55.919998,56.07,55.82,55.830002,54.915283,2645900,972
2022-01-03,56,56.189999,55.720001,56.189999,55.269379,3422000,973
2022-01-04,56.349998,56.439999,55.919998,56.169998,55.24971,2883100,974
2022-01-05,56.110001,56.209999,55.060001,55.080002,54.17757,3652000,975
2022-01-06,55.029999,55.360001,54.740002,55.029999,54.128384,4308600,976
2022-01-07,55.040001,55.169998,54.639999,54.82,53.921822,3464700,977
2022-01-10,54.419998,54.77,53.700001,54.73,53.833302,6008700,978
2022-01-11,54.720001,55.240002,54.34,55.240002,54.334949,6481300,979
2022-01-12,55.439999,55.639999,55.150002,55.41,54.502163,3360300,980
2022-01-13,55.52,55.599998,54.5,54.639999,53.744778,4013000,981
2022-01-14,54.209999,54.68,54.09,54.630001,53.734943,4151500,982
2022-01-18,54.07,54.080002,53.549999,53.669998,52.790668,6872900,983
2022-01-19,53.869999,54.040001,53.09,53.139999,52.269352,4901700,984
2022-01-20,53.34,53.950001,52.48,52.549999,51.689022,5698500,985
2022-01-21,52.389999,52.689999,51.509998,51.509998,50.666058,9519400,986
2022-01-24,50.790001,51.779999,49.490002,51.709999,50.862782,18033100,987
2022-01-25,50.939999,51.709999,50.240002,51.110001,50.272617,10486300,988
2022-01-26,51.849998,52.209999,50.439999,50.970001,50.134911,9382400,989
2022-01-27,51.540001,51.919998,50.509998,50.720001,49.889008,10306700,990
2022-01-28,50.869999,51.98,50.32,51.98,51.128357,6808800,991
2022-01-31,51.889999,52.950001,51.720001,52.91,52.043121,9717700,992
2022-02-01,53.02,53.349998,52.57,53.310001,52.436569,6749300,993
2022-02-02,53.580002,53.880001,53.290001,53.779999,52.898865,4513500,994
2022-02-03,53.049999,53.27,52.43,52.549999,51.689022,5351800,995
2022-02-04,52.52,53.240002,52.209999,52.790001,51.925091,4477700,996
2022-02-07,52.880001,53.029999,52.439999,52.580002,51.718529,3321700,997
2022-02-08,52.549999,53.139999,52.369999,53.029999,52.161156,4226200,998
2022-02-09,53.540001,53.849998,53.52,53.799999,52.918541,5797900,999
2022-02-10,53.09,53.82,52.599998,52.84,51.974274,5123400,1000
2022-02-11,52.84,53.110001,51.630001,51.810001,50.961143,5862500,1001
2022-02-14,51.720001,51.93,51.189999,51.639999,50.793926,6618900,1002
2022-02-15,52.16,52.48,52.130001,52.439999,51.580822,3363800,1003
2022-02-16,52.23,52.68,51.98,52.529999,51.66935,4252800,1004
2022-02-17,52.150002,52.189999,51.330002,51.419998,50.577534,4989700,1005
2022-02-18,51.43,51.59,50.790001,51.060001,50.223434,5619000,1006
2022-02-22,50.810001,51.209999,50.09,50.52,49.692276,6146500,1007
2022-02-23,50.880001,50.950001,49.560001,49.619999,48.807026,13954000,1008
2022-02-24,48.32,50.419998,48.290001,50.349998,49.525063,17030200,1009
2022-02-25,50.529999,51.490002,50.330002,51.459999,50.616875,9471300,1010
2022-02-28,50.84,51.529999,50.66,51.34,50.49884,12255900,1011
2022-03-01,51.18,51.41,50.25,50.560001,49.731625,12446600,1012
2022-03-02,50.849998,51.689999,50.759998,51.490002,50.646389,7741500,1013
2022-03-03,51.82,51.869999,51.029999,51.259998,50.420155,6436100,1014
2022-03-04,50.799999,50.959999,50.32,50.849998,50.016872,5526800,1015
2022-03-07,50.77,50.779999,49.32,49.349998,48.541447,6213200,1016
2022-03-08,49.349998,50.240002,48.82,48.98,48.177513,8524900,1017
2022-03-09,49.98,50.509998,49.73,50.240002,49.41687,6298900,1018
2022-03-10,49.709999,50.150002,49.450001,50.060001,49.239819,4553400,1019
2022-03-11,50.360001,50.419998,49.349998,49.419998,48.610302,5614500,1020
2022-03-14,49.48,49.919998,48.91,49.060001,48.256203,6662900,1021
2022-03-15,49.360001,50.200001,49.209999,50.130001,49.30867,5058300,1022
2022-03-16,50.560001,51.23,49.959999,51.209999,50.370972,6244600,1023
2022-03-17,50.990002,51.889999,50.950001,51.889999,51.039833,4968500,1024
2022-03-18,51.700001,52.48,51.59,52.419998,51.561146,3931400,1025
2022-03-21,52.23,52.5,51.830002,52.25,51.558186,5058700,1026
2022-03-22,52.439999,52.98,52.439999,52.860001,52.160114,3238900,1027
2022-03-23,52.549999,52.740002,52.200001,52.209999,51.518719,4123600,1028
2022-03-24,52.439999,52.970001,52.310001,52.950001,52.24892,3678700,1029
2022-03-25,53.07,53.27,52.740002,53.25,52.544949,4832000,1030
2022-03-28,53.16,53.610001,52.93,53.610001,52.900185,3015400,1031
2022-03-29,54.080002,54.34,53.77,54.299999,53.581047,4204100,1032
2022-03-30,54.150002,54.23,53.68,53.93,53.215946,2724000,1033
2022-03-31,53.860001,53.950001,53.110001,53.130001,52.426537,3738200,1034
2022-04-01,53.330002,53.330002,52.830002,53.279999,52.574551,3016800,1035
2022-04-04,53.310001,53.73,53.200001,53.73,53.018593,2357000,1036
2022-04-05,53.529999,53.84,52.91,53.040001,52.33773,4880600,1037
2022-04-06,52.560001,52.790001,52.16,52.529999,51.834484,3910400,1038
2022-04-07,52.419998,53,52.169998,52.779999,52.081169,5717400,1039
2022-04-08,52.669998,52.990002,52.450001,52.639999,51.943024,4071400,1040
2022-04-11,52.240002,52.330002,51.669998,51.75,51.064812,2229400,1041
2022-04-12,52.09,52.41,51.360001,51.549999,50.867458,3704900,1042
2022-04-13,51.529999,52.220001,51.5,52.16,51.469379,3680400,1043
2022-04-14,52.150002,52.299999,51.48,51.509998,50.827984,3571800,1044
2022-04-18,51.389999,51.720001,51.240002,51.490002,50.808254,3628100,1045
2022-04-19,51.48,52.43,51.48,52.330002,51.637131,3031200,1046
2022-04-20,52.52,52.630001,52.16,52.279999,51.587791,3804600,1047
2022-04-21,52.73,52.919998,51.41,51.529999,50.847725,4810400,1048
2022-04-22,51.389999,51.41,50.040001,50.099998,49.436657,4639400,1049
2022-04-25,49.810001,50.41,49.259998,50.400002,49.732689,5581600,1050
2022-04-26,50.07,50.099998,48.939999,48.959999,48.311749,6541900,1051
2022-04-27,49.07,49.73,48.82,49.080002,48.430161,8893300,1052
2022-04-28,49.68,50.52,49.119999,50.330002,49.663612,8407300,1053
2022-04-29,49.830002,50.080002,48.369999,48.450001,47.808506,7286900,1054
2022-05-02,48.450001,48.91,47.639999,48.759998,48.114395,7379000,1055
2022-05-03,48.790001,49.259998,48.619999,48.970001,48.321621,7337300,1056
2022-05-04,49.07,50.52,48.66,50.459999,49.791889,10007500,1057
2022-05-05,49.939999,49.939999,48.16,48.66,48.01572,10974100,1058
2022-05-06,48.360001,48.779999,47.720001,48.400002,47.759163,9168900,1059
2022-05-09,47.630001,47.790001,46.639999,46.849998,46.229687,7835100,1060
2022-05-10,47.580002,47.75,46.43,46.950001,46.328365,10032200,1061
2022-05-11,46.790001,47.509998,46.099998,46.169998,45.558689,12263900,1062
2022-05-12,45.799999,46.540001,45.299999,46.16,45.548824,10549100,1063
2022-05-13,46.630001,47.41,46.529999,47.220001,46.594791,9365900,1064
2022-05-16,47.02,47.5,46.77,47.080002,46.456646,3769600,1065
2022-05-17,47.82,48.029999,47.349998,48,47.36446,6517100,1066
2022-05-18,47.43,47.48,45.939999,46.110001,45.499489,5406700,1067
2022-05-19,45.709999,46.34,45.540001,45.82,45.213326,9740400,1068
2022-05-20,46.25,46.310001,44.759998,45.830002,45.22319,8109000,1069
2022-05-23,46.189999,46.779999,45.919998,46.700001,46.081673,5138600,1070
2022-05-24,46.16,46.470001,45.52,46.34,45.72644,5017900,1071
2022-05-25,46.119999,46.98,46.099998,46.759998,46.140881,6187500,1072
2022-05-26,46.889999,47.869999,46.880001,47.68,47.048698,2596700,1073
2022-05-27,47.990002,48.860001,47.959999,48.860001,48.213078,2828100,1074
2022-05-31,48.619999,48.990002,48.23,48.580002,47.936783,8262000,1075
2022-06-01,48.810001,48.959999,47.869999,48.200001,47.561817,8033400,1076
2022-06-02,48.139999,49.099998,47.869999,49.099998,48.449898,3740300,1077
2022-06-03,48.509998,48.689999,48.18,48.310001,47.670357,2770700,1078
2022-06-06,48.810001,49.009998,48.299999,48.439999,47.798634,2484600,1079
2022-06-07,48.009998,48.959999,47.950001,48.900002,48.252544,2510400,1080
2022-06-08,48.669998,48.91,48.279999,48.369999,47.729565,2534100,1081
2022-06-09,48.150002,48.419998,47.23,47.240002,46.614529,3129400,1082
2022-06-10,46.459999,46.540001,45.849998,45.860001,45.252796,6356200,1083
2022-06-13,44.669998,44.889999,43.900002,44.080002,43.496365,15161000,1084
2022-06-14,44.32,44.439999,43.580002,43.959999,43.377949,7616900,1085
2022-06-15,44.389999,45.139999,43.759998,44.57,43.979874,7524100,1086
2022-06-16,43.580002,43.610001,42.82,43.16,42.588547,9913000,1087
2022-06-17,43.16,43.610001,42.779999,43.209999,42.637882,7268600,1088
2022-06-21,43.700001,44.27,43.700001,44.099998,43.712353,4581500,1089
2022-06-22,43.57,44.52,43.52,44.02,43.633057,5261200,1090
2022-06-23,44.290001,44.540001,43.84,44.459999,44.069187,6394800,1091
2022-06-24,44.849998,45.849998,44.84,45.84,45.437061,4205000,1092
2022-06-27,45.970001,46.009998,45.540001,45.700001,45.29829,3264700,1093
2022-06-28,45.880001,46.200001,44.740002,44.77,44.376469,5681400,1094
2022-06-29,44.82,44.939999,44.490002,44.73,44.336815,4269100,1095
2022-06-30,44.23,44.740002,43.799999,44.34,43.950249,7669700,1096
2022-07-01,44.27,44.869999,43.950001,44.799999,44.4062,6358200,1097
2022-07-05,44.189999,44.900002,43.849998,44.889999,44.495407,5421800,1098
2022-07-06,44.91,45.360001,44.630001,45.07,44.673828,5248700,1099
2022-07-07,45.290001,45.830002,45.279999,45.740002,45.33794,2187600,1100
2022-07-08,45.529999,45.93,45.349998,45.709999,45.308201,2766800,1101
2022-07-11,45.369999,45.48,45.09,45.169998,44.772945,2964600,1102
2022-07-12,45.099998,45.400002,44.560001,44.759998,44.366554,4614800,1103
2022-07-13,44.110001,44.900002,44.040001,44.549999,44.158398,6808500,1104
2022-07-14,43.939999,44.5,43.630001,44.439999,44.049362,6136400,1105
2022-07-15,44.959999,45.279999,44.740002,45.259998,44.862156,2412500,1106
2022-07-18,45.669998,45.740002,44.759998,44.889999,44.495407,2255800,1107
2022-07-19,45.400002,46.18,45.310001,46.119999,45.7146,2720500,1108
2022-07-20,46.119999,46.59,45.98,46.43,46.021873,10748200,1109
2022-07-21,46.34,46.889999,46.049999,46.889999,46.477829,4180000,1110
2022-07-22,46.91,47.049999,46.18,46.470001,46.061523,3426900,1111
2022-07-25,46.540001,46.610001,46.23,46.52,46.111084,2279700,1112
2022-07-26,46.290001,46.32,45.849998,45.970001,45.565918,3269800,1113
2022-07-27,46.360001,47.360001,46.330002,47.150002,46.735546,3149000,1114
2022-07-28,47.23,47.830002,46.810001,47.75,47.330269,2225900,1115
2022-07-29,47.93,48.560001,47.830002,48.43,48.004295,3087000,1116
2022-08-01,48.099998,48.610001,48.02,48.310001,47.885349,2775400,1117
2022-08-02,48.09,48.549999,47.84,47.98,47.55825,2757900,1118
2022-08-03,48.259998,48.869999,48.209999,48.740002,48.311569,2368900,1119
2022-08-04,48.720001,48.799999,48.5,48.689999,48.262009,2533600,1120
2022-08-05,48.18,48.689999,48.16,48.619999,48.192623,1495200,1121
2022-08-08,48.810001,49.099998,48.43,48.580002,48.152977,2638100,1122
2022-08-09,48.470001,48.529999,48.240002,48.380001,47.954735,3350400,1123
2022-08-10,49.25,49.389999,49.009998,49.380001,48.945946,3762100,1124
2022-08-11,49.720001,49.959999,49.299999,49.389999,48.955856,1947800,1125
2022-08-12,49.630001,50.23,49.509998,50.200001,49.758736,1490600,1126
2022-08-15,49.93,50.490002,49.93,50.419998,49.976799,1751300,1127
2022-08-16,50.310001,50.759998,50.200001,50.540001,50.095749,1729200,1128
2022-08-17,50.099998,50.5,49.93,50.18,49.738911,2061500,1129
2022-08-18,50.200001,50.400002,50.029999,50.310001,49.867771,1503900,1130
2022-08-19,49.990002,50.009998,49.52,49.650002,49.21357,2451200,1131
2022-08-22,49.049999,49.049999,48.490002,48.630001,48.202534,2083100,1132
2022-08-23,48.560001,48.84,48.419998,48.490002,48.063766,1486800,1133
2022-08-24,48.459999,48.810001,48.369999,48.639999,48.212444,1916000,1134
2022-08-25,48.810001,49.330002,48.700001,49.310001,48.87656,1566500,1135
2022-08-26,49.299999,49.380001,47.650002,47.669998,47.250973,2890400,1136
2022-08-29,47.310001,47.709999,47.18,47.349998,46.933788,1359900,1137
2022-08-30,47.5,47.509998,46.560001,46.82,46.408447,10522600,1138
2022-08-31,47.009998,47.16,46.450001,46.470001,46.061523,2584900,1139
2022-09-01,46.200001,46.639999,45.869999,46.610001,46.200291,2929400,1140
2022-09-02,47.07,47.220001,45.900002,46.130001,45.72451,2221800,1141
2022-09-06,46.220001,46.330002,45.669998,45.939999,45.536182,2880800,1142
2022-09-07,45.91,46.860001,45.880001,46.779999,46.368797,3682300,1143
2022-09-08,46.470001,47.119999,46.34,47.060001,46.646339,3013900,1144
2022-09-09,47.369999,47.91,47.330002,47.810001,47.389748,1673000,1145
2022-09-12,48.080002,48.41,48.029999,48.310001,47.885349,2169900,1146
2022-09-13,47.25,47.380001,46.080002,46.240002,45.833546,3074700,1147
2022-09-14,46.380001,46.580002,45.990002,46.400002,45.992138,3150600,1148
2022-09-15,46.209999,46.549999,45.720001,45.869999,45.466793,2597800,1149
2022-09-16,45.360001,45.59,45.119999,45.529999,45.129784,3679800,1150
2022-09-19,44.959999,45.669998,44.939999,45.669998,45.461262,2504200,1151
2022-09-20,45.27,45.389999,44.82,45.139999,44.933685,3007300,1152
2022-09-21,45.380001,45.759998,44.369999,44.380001,44.177162,4193000,1153
2022-09-22,44.279999,44.389999,43.91,44,43.798897,4079700,1154
2022-09-23,43.57,43.57,42.709999,43.23,43.032413,5733600,1155
2022-09-26,43.060001,43.509998,42.669998,42.830002,42.634247,4914200,1156
2022-09-27,43.279999,43.540001,42.43,42.709999,42.51479,6505300,1157
2022-09-28,42.849998,43.759998,42.619999,43.549999,43.350952,6684300,1158
2022-09-29,43.119999,43.150002,42.290001,42.66,42.465019,5423700,1159
2022-09-30,42.549999,43.009998,41.970001,41.990002,41.798084,6767200,1160
2022-10-03,42.450001,43.32,42.23,43.080002,42.883102,4036500,1161
2022-10-04,43.790001,44.439999,43.77,44.439999,44.236885,5586100,1162
2022-10-05,43.889999,44.599998,43.610001,44.32,44.117432,3956300,1163
2022-10-06,44.16,44.509998,43.82,43.889999,43.6894,5052900,1164
2022-10-07,43.369999,43.41,42.43,42.66,42.465019,3524700,1165
2022-10-10,42.779999,42.810001,42.049999,42.330002,42.136532,3120300,1166
2022-10-11,42.119999,42.669998,41.82,42.060001,41.867764,8575600,1167
2022-10-12,42.110001,42.290001,41.889999,41.93,41.738358,4139700,1168
2022-10-13,41.049999,43.200001,40.919998,43.029999,42.833328,9170100,1169
2022-10-14,43.34,43.52,41.970001,42.049999,41.857807,6746000,1170
2022-10-17,42.799999,43.25,42.790001,43.139999,42.942825,4990600,1171
2022-10-18,44.09,44.130001,43.209999,43.650002,43.450497,4216800,1172
2022-10-19,43.369999,43.709999,42.970001,43.34,43.141914,3185100,1173
2022-10-20,43.279999,43.799999,42.869999,42.970001,42.773605,3964000,1174
2022-10-21,42.91,44.060001,42.75,44.009998,43.808849,4362000,1175
2022-10-24,44.189999,44.669998,43.869999,44.52,44.316521,3722400,1176
2022-10-25,44.540001,45.290001,44.529999,45.259998,45.053135,5189700,1177
2022-10-26,44.849998,45.560001,44.84,44.900002,44.694782,3242300,1178
2022-10-27,45.029999,45.25,44.599998,44.68,44.475788,4890500,1179
2022-10-28,44.639999,45.790001,44.639999,45.73,45.520988,12275800,1180
2022-10-31,45.450001,45.650002,45.299999,45.419998,45.212402,3363900,1181
2022-11-01,45.849998,45.889999,45.07,45.220001,45.013321,3463800,1182
2022-11-02,45.130001,45.68,44.07,44.080002,43.878532,5009400,1183
2022-11-03,43.669998,43.98,43.360001,43.630001,43.430588,3176600,1184
2022-11-04,44.299999,44.529999,43.5,44.25,44.047752,4173600,1185
2022-11-07,44.400002,44.740002,44.150002,44.650002,44.445927,2917900,1186
2022-11-08,44.810001,45.27,44.41,44.919998,44.714691,5464500,1187
2022-11-09,44.639999,44.799999,43.919998,43.970001,43.769035,4132000,1188
2022-11-10,45.599998,46.439999,45.34,46.389999,46.177971,4861000,1189
2022-11-11,46.5,46.959999,46.279999,46.84,46.625916,3312600,1190
2022-11-14,46.639999,47.049999,46.43,46.470001,46.257607,3106200,1191
2022-11-15,47.169998,47.299999,46.389999,46.869999,46.655777,5291900,1192
2022-11-16,46.650002,46.759998,46.419998,46.490002,46.277515,6677500,1193
2022-11-17,45.91,46.439999,45.869999,46.369999,46.158062,3419200,1194
2022-11-18,46.75,46.759998,46.209999,46.580002,46.367107,2262600,1195
2022-11-21,46.41,46.529999,46.169998,46.389999,46.177971,2272600,1196
2022-11-22,46.619999,47.040001,46.459999,47.029999,46.815044,4163400,1197
2022-11-23,46.970001,47.380001,46.959999,47.310001,47.093769,2448900,1198
2022-11-25,47.240002,47.380001,47.220001,47.310001,47.093769,999700,1199
2022-11-28,46.93,47.130001,46.459999,46.57,46.357151,2438000,1200
2022-11-29,46.57,46.709999,46.240002,46.48,46.267559,2127600,1201
2022-11-30,46.509998,47.919998,46.27,47.900002,47.681072,4382700,1202
2022-12-01,48.080002,48.220001,47.599998,47.889999,47.671116,4925900,1203
2022-12-02,47.279999,47.950001,47.279999,47.849998,47.631298,3225800,1204
2022-12-05,47.509998,47.610001,46.830002,47,46.785183,2663600,1205
2022-12-06,46.950001,47.02,46.049999,46.299999,46.088383,2523100,1206
2022-12-07,46.18,46.52,46.099998,46.240002,46.02866,3517200,1207
2022-12-08,46.450001,46.709999,46.259998,46.59,46.37706,2297400,1208
2022-12-09,46.450001,46.75,46.23,46.259998,46.048565,3295300,1209
2022-12-12,46.349998,46.91,46.259998,46.91,46.695595,3928000,1210
2022-12-13,48.23,48.25,46.93,47.27,47.053951,5759100,1211
2022-12-14,47.220001,47.700001,46.599998,46.98,46.765274,4619500,1212
2022-12-15,46.360001,46.470001,45.610001,45.810001,45.600624,3309300,1213
2022-12-16,45.490002,45.650002,45.009998,45.290001,45.083,4407200,1214
2022-12-19,45.060001,45.119999,44.48,44.689999,44.689999,5871200,1215
2022-12-20,44.59,44.939999,44.43,44.75,44.75,2782100,1216
2022-12-21,45.07,45.540001,45,45.389999,45.389999,2666400,1217
2022-12-22,45.049999,45.080002,44.07,44.75,44.75,3333100,1218
2022-12-23,44.650002,45.029999,44.439999,45.029999,45.029999,3709400,1219
2022-12-27,44.990002,45.040001,44.639999,44.84,44.84,3679600,1220
2022-12-28,44.84,45.07,44.27,44.299999,44.299999,4024700,1221
2022-12-29,44.630001,45.18,44.580002,45.080002,45.080002,2789600,1222
2022-12-30,44.75,44.98,44.5,44.98,44.98,4134800,1223
2023-01-03,45.189999,45.43,44.43,44.779999,44.779999,3688300,1224
2023-01-04,45.040001,45.369999,44.68,45.130001,45.130001,4335600,1225
2023-01-05,44.880001,44.889999,44.540001,44.610001,44.610001,4449300,1226
2023-01-06,44.98,45.759998,44.610001,45.619999,45.619999,2160500,1227
2023-01-09,45.880001,46.290001,45.580002,45.599998,45.599998,4251700,1228
2023-01-10,45.52,45.93,45.419998,45.93,45.93,2303400,1229
2023-01-11,46.099998,46.509998,46.02,46.509998,46.509998,8119200,1230
2023-01-12,46.639999,46.849998,46.130001,46.68,46.68,3996900,1231
2023-01-13,46.290001,46.919998,46.259998,46.869999,46.869999,3308800,1232
2023-01-17,46.84,47.040001,46.689999,46.759998,46.759998,4826600,1233
2023-01-18,46.919998,47.049999,46.009998,46.049999,46.049999,2881800,1234
2023-01-19,45.77,45.98,45.540001,45.689999,45.689999,2679100,1235
2023-01-20,45.880001,46.57,45.669998,46.560001,46.560001,2104400,1236
2023-01-23,46.639999,47.349998,46.540001,47.099998,47.099998,6499900,1237
2023-01-24,46.889999,47.16,46.759998,47.07,47.07,2569700,1238
2023-01-25,46.549999,47.110001,46.279999,47.080002,47.080002,3059700,1239
2023-01-26,47.389999,47.610001,47.040001,47.599998,47.599998,3078900,1240
2023-01-27,47.459999,47.990002,47.450001,47.720001,47.720001,2440600,1241
2023-01-30,47.369999,47.630001,47.07,47.110001,47.110001,3541900,1242
2023-01-31,47.16,47.799999,47.130001,47.799999,47.799999,1816400,1243
2023-02-01,47.630001,48.639999,47.310001,48.310001,48.310001,5041700,1244
2023-02-02,48.77,49.18,48.549999,48.990002,48.990002,3861100,1245
2023-02-03,48.380001,49.029999,48.34,48.5,48.5,3762100,1246
2023-02-06,48.169998,48.369999,48,48.209999,48.209999,1697900,1247
2023-02-07,48.09,48.98,47.93,48.84,48.84,3085800,1248
2023-02-08,48.57,48.740002,48.209999,48.299999,48.299999,2426600,1249
2023-02-09,48.740002,48.75,47.73,47.880001,47.880001,2121600,1250
2023-02-10,47.709999,48.02,47.630001,47.970001,47.970001,2516900,1251
2023-02-13,48.07,48.549999,48.009998,48.529999,48.529999,2212900,1252
2023-02-14,48.360001,48.799999,48.040001,48.540001,48.540001,2769600,1253
2023-02-15,48.259998,48.689999,48.16,48.689999,48.689999,1945600,1254
2023-02-16,48.080002,48.549999,48,48,48,6181300,1255
2023-02-17,47.75,47.91,47.509998,47.880001,47.880001,1643800,1256
2023-02-21,47.389999,47.509998,46.889999,46.919998,46.919998,7461900,1257